,Animal ID,Sequence ID,Age,Number of nucleii,Number of overlapping nucleii,Average Area,Avg Compactness,Circular blobs,Non-circular blobs,Texture Feature - Avg Energy,Texture feature - Avg Homogenity,Texture feature - Avg Correlation
0,16,1,16,86,0,12.99405119,0.079577472,78,0,0.5835902,0.603458279,0.34884961
1,16,2,16,111,3,34.3941033,0.079577472,88,0,0.607857983,0.624243123,0.358962933
2,16,3,16,51,1,28.09860364,0.079577472,48,0,0.575804718,0.591007258,0.347352388
3,16,4,16,121,0,17.5873163,0.079577472,101,0,0.559368647,0.57340315,0.333906835
4,16,5,16,200,2,18.65677925,0.079577472,168,0,0.566826333,0.580087902,0.314039784
5,16,6,16,60,0,21.21660141,0.079577472,49,0,0.577375783,0.590377445,0.325843891
6,16,7,16,52,0,12.34146128,0.079577472,49,0,0.578180637,0.591227535,0.335172303
7,16,8,16,116,1,16.69795605,0.079577472,96,0,0.574671999,0.586981068,0.325493949
8,16,9,16,126,1,21.35448651,0.079577472,108,0,0.568165176,0.579916658,0.322983198
9,16,10,16,48,0,27.15409504,0.079577472,35,0,0.572600177,0.584092215,0.328247657
10,16,11,16,118,1,21.97939489,0.079577472,110,0,0.583295403,0.594599423,0.329883778
11,16,12,16,156,0,27.28145821,0.079577472,127,0,0.590252714,0.601625502,0.333337393
12,16,13,16,101,2,26.69546443,0.079577472,86,0,0.592088062,0.603187422,0.336277432
13,16,14,16,67,1,22.03865756,0.079577472,59,0,0.593450188,0.60439407,0.338157747
14,16,15,16,136,2,17.12463681,0.079577472,120,0,0.592537836,0.603196874,0.334271091
15,16,16,16,41,0,13.9543429,0.079577472,35,0,0.593396482,0.604027164,0.337172324
16,16,17,16,62,0,14.75667989,0.079577472,55,0,0.594591097,0.605119459,0.33855097
17,16,18,16,74,1,21.95590023,0.079577472,64,0,0.599926835,0.61022603,0.342783566
18,16,19,16,102,2,35.32851119,0.079577472,78,0,0.600187646,0.610563683,0.342958824
19,16,20,16,65,0,52.80740857,0.079577472,52,0,0.60266595,0.612981422,0.347095086
20,16,21,16,67,1,31.55575054,0.079577472,59,0,0.602437097,0.612787911,0.346896141
21,16,22,16,181,2,22.30819041,0.079577472,150,0,0.601306115,0.611918121,0.345753785
22,16,23,16,42,0,18.87548849,0.079577472,41,0,0.60180503,0.612480966,0.34668067
23,16,24,16,27,0,17.98559176,0.079577472,24,0,0.602829197,0.613528993,0.347028802
24,16,25,16,195,1,18.6764465,0.079577472,152,0,0.598364241,0.609319854,0.338518225
25,16,26,16,104,0,31.21490705,0.079577472,88,0,0.596591366,0.607509137,0.33856212
26,16,27,16,70,0,13.77080618,0.079577472,60,0,0.595520168,0.606416138,0.339690793
27,16,28,16,127,2,35.81047649,0.079577472,92,0,0.595408474,0.606146724,0.340784149
28,16,29,16,117,2,38.4163568,0.079577472,94,0,0.595388242,0.606112784,0.342951781
29,16,30,16,77,0,26.1924665,0.079577472,66,0,0.597532148,0.608237733,0.345344956
30,16,31,16,106,0,23.21131331,0.079577472,90,0,0.594090714,0.60471259,0.34124979
31,16,32,16,64,0,11.18408542,0.079577472,58,0,0.595695932,0.606268338,0.342552258
32,16,33,16,118,3,14.28097606,0.079577472,100,0,0.592686538,0.603352287,0.339151196
33,16,34,16,127,1,17.91740767,0.079577472,117,0,0.594399559,0.605120695,0.338280572
34,16,35,16,70,1,12.26580501,0.079577472,62,0,0.590808449,0.601555687,0.335428421
35,16,36,16,96,1,12.30073468,0.079577472,91,0,0.591721524,0.602520159,0.334781727
36,16,37,16,56,0,15.66855984,0.079577472,49,0,0.59310831,0.603841614,0.33562239
37,16,38,16,86,1,9.920803197,0.079577472,80,0,0.592981965,0.603635875,0.334589038
38,16,39,16,168,0,21.64235832,0.079577472,128,0,0.594044517,0.604824437,0.331634536
39,16,40,16,151,0,18.45524689,0.079577472,116,0,0.590325556,0.60109527,0.32881432
40,16,41,16,160,4,32.07505279,0.079577472,133,0,0.588871158,0.599655429,0.325693209
41,16,42,16,150,1,25.27042326,0.079577472,117,0,0.587819439,0.598658545,0.323207855
42,16,43,16,90,1,10.93829424,0.079577472,85,0,0.587410781,0.598169932,0.324070132
43,16,44,16,152,2,20.53931614,0.079577472,134,0,0.58752226,0.598230975,0.324506915
44,16,45,16,44,0,24.30821465,0.079577472,41,0,0.58784832,0.598575942,0.325747657
45,16,46,16,158,2,33.37876882,0.079577472,125,0,0.588233906,0.599069926,0.326996766
46,16,47,16,51,0,35.36475133,0.079577472,47,0,0.588078786,0.598932114,0.327847622
47,16,48,16,48,1,70.43387998,0.079577472,41,0,0.588559445,0.599382617,0.328631084
48,16,49,16,52,0,23.53757318,0.079577472,44,0,0.588084139,0.598885247,0.330034915
49,16,50,16,75,0,27.46367642,0.079577472,69,0,0.587584798,0.598384296,0.331145156
50,47,1,16,226,3,28.44112105,0.079577472,167,0,0.584661618,0.596029237,0.326328397
51,47,2,16,110,0,16.3019445,0.079577472,89,0,0.584754293,0.596192736,0.324290867
52,47,3,16,186,0,22.68625591,0.079577472,137,0,0.582642531,0.594393719,0.320750977
53,47,4,16,155,1,24.26322799,0.079577472,105,0,0.581419605,0.593434617,0.319112446
54,47,5,16,158,0,26.93914858,0.079577472,108,0,0.579113128,0.591168365,0.315681153
55,47,6,16,16,0,12.83018045,0.079577472,14,0,0.578804664,0.590940178,0.31573342
56,47,7,16,2,0,6.245800355,0.079577472,2,0,0.578604212,0.590735523,0.315624075
57,47,8,16,0,0,0,,0,0,0.578604212,0.590735523,0.315624075
58,47,9,16,0,0,0,,0,0,0.578604212,0.590735523,0.315624075
59,47,10,16,0,0,0,,0,0,0.578604212,0.590735523,0.315624075
60,47,11,16,32,0,9.537990401,0.079577472,30,0,0.578556076,0.590735829,0.31492938
61,47,12,16,2,0,6.245800355,0.079577472,2,0,0.578584793,0.590777615,0.31491246
62,47,13,16,3,0,6.245800355,0.079577472,3,0,0.578594869,0.59078099,0.314730482
63,47,14,16,0,0,0,,0,0,0.578594869,0.59078099,0.314730482
64,47,15,16,22,0,18.21740052,0.079577472,17,0,0.578461938,0.59062268,0.314257682
65,47,16,16,14,0,6.245800355,0.079577472,14,0,0.578774292,0.590959919,0.314130977
66,47,17,16,10,0,6.245800355,0.079577472,10,0,0.578633919,0.590829656,0.313925133
67,47,18,16,0,0,0,,0,0,0.578633919,0.590829656,0.313925133
68,47,19,16,0,0,0,,0,0,0.578633919,0.590829656,0.313925133
69,47,20,16,47,0,9.608036998,0.079577472,44,0,0.577877574,0.59016128,0.312662754
70,47,21,16,25,0,8.352801984,0.079577472,24,0,0.578051215,0.590398902,0.312715556
71,47,22,16,0,0,0,,0,0,0.578051215,0.590398902,0.312715556
72,47,23,16,9,0,6.245800355,0.079577472,9,0,0.577938969,0.590332246,0.312407946
73,47,24,16,0,0,0,,0,0,0.577938969,0.590332246,0.312407946
74,47,25,16,15,0,20.35408612,0.079577472,14,0,0.577828112,0.59023459,0.312167091
75,47,26,16,0,0,0,,0,0,0.577828112,0.59023459,0.312167091
76,47,27,16,8,0,6.245800355,0.079577472,8,0,0.577817086,0.590205958,0.311875009
77,47,28,16,1,0,6.245800355,0.079577472,1,0,0.577720186,0.59010698,0.311822707
78,47,29,16,0,0,0,,0,0,0.577720186,0.59010698,0.311822707
79,47,30,16,33,0,11.03444042,0.079577472,30,0,0.577501047,0.589965329,0.311207435
80,47,31,16,30,0,16.7808085,0.079577472,24,0,0.577195777,0.589714289,0.310348537
81,47,32,16,0,0,0,,0,0,0.577195777,0.589714289,0.310348537
82,47,33,16,1,0,6.245800355,0.079577472,1,0,0.577255604,0.589772008,0.3102917
83,47,34,16,0,0,0,,0,0,0.577255604,0.589772008,0.3102917
84,47,35,16,55,0,8.161256382,0.079577472,53,0,0.577832918,0.590420495,0.309182636
85,47,36,16,16,0,6.245800355,0.079577472,16,0,0.577743182,0.590352771,0.30863123
86,47,37,16,5,0,16.7808085,0.079577472,4,0,0.577704392,0.590314748,0.308429887
87,47,38,16,1,0,6.245800355,0.079577472,1,0,0.577707022,0.590328493,0.308476793
88,47,39,16,0,0,0,,0,0,0.577707022,0.590328493,0.308476793
89,47,40,16,3,0,6.245800355,0.079577472,3,0,0.577803688,0.590426299,0.308584196
90,47,41,16,0,0,0,,0,0,0.577803688,0.590426299,0.308584196
91,47,42,16,0,0,0,,0,0,0.577803688,0.590426299,0.308584196
92,47,43,16,0,0,0,,0,0,0.577803688,0.590426299,0.308584196
93,47,44,16,0,0,0,,0,0,0.577803688,0.590426299,0.308584196
94,47,45,16,0,0,0,,0,0,0.577803688,0.590426299,0.308584196
95,47,46,16,0,0,0,,0,0,0.577803688,0.590426299,0.308584196
96,47,47,16,0,0,0,,0,0,0.577803688,0.590426299,0.308584196
97,47,48,16,3,0,6.245800355,0.079577472,3,0,0.577684428,0.590327731,0.308498005
98,47,49,16,2,0,6.245800355,0.079577472,2,0,0.577495395,0.590134561,0.308397056
99,47,50,16,0,0,0,,0,0,0.577495395,0.590134561,0.308397056
100,47,51,16,0,0,0,,0,0,0.577495395,0.590134561,0.308397056
101,47,52,16,2,0,32.58332073,0.079577472,1,0,0.57758317,0.59022378,0.308517352
102,47,53,16,26,0,8.27176346,0.079577472,25,0,0.57792972,0.59055893,0.307596865
103,47,54,16,7,0,6.245800355,0.079577472,7,0,0.578151671,0.590792945,0.307699508
104,47,55,16,1,0,6.245800355,0.079577472,1,0,0.578157326,0.590797862,0.307678244
105,47,56,16,4,0,19.41456054,0.079577472,3,0,0.578088706,0.59072095,0.307631308
106,47,57,16,0,0,0,,0,0,0.578088706,0.59072095,0.307631308
107,47,58,16,5,0,16.7808085,0.079577472,4,0,0.578080549,0.590723063,0.307447937
108,47,59,16,16,0,12.83018045,0.079577472,14,0,0.578421266,0.591086343,0.307586764
109,47,60,16,0,0,0,,0,0,0.578421266,0.591086343,0.307586764
110,47,61,16,0,0,0,,0,0,0.578421266,0.591086343,0.307586764
111,85,1,16,33,0,11.03444042,0.079577472,30,0,0.578895046,0.591562854,0.307283808
112,85,2,16,74,0,7.669450104,0.079577472,72,0,0.579486087,0.592160559,0.305422913
113,85,3,16,105,0,11.76413796,0.079577472,94,0,0.579894992,0.592643294,0.303495174
114,85,4,16,64,0,12.84461988,0.079577472,59,0,0.57998603,0.592704714,0.30304317
115,85,5,16,78,0,15.02497381,0.079577472,65,0,0.580247231,0.593046691,0.301505089
116,85,6,16,98,0,11.62080451,0.079577472,88,0,0.580243182,0.593104648,0.300633838
117,85,7,16,61,0,12.29047716,0.079577472,54,0,0.579636033,0.592491408,0.299567199
118,85,8,16,123,0,13.53360374,0.079577472,109,0,0.578779444,0.59164729,0.296301362
119,85,9,16,243,7,25.11237151,0.079577472,162,0,0.573272568,0.586655124,0.291343488
120,85,10,16,65,0,10.29772657,0.079577472,60,0,0.572964022,0.586376062,0.290269476
121,85,11,16,89,0,10.98063548,0.079577472,81,0,0.573087961,0.586503258,0.289627223
122,85,12,16,142,0,15.53259096,0.079577472,123,0,0.5729205,0.586409457,0.288003894
123,85,13,16,98,0,15.94909733,0.079577472,89,0,0.572391989,0.58590906,0.287092427
124,85,14,16,104,2,17.89508821,0.079577472,81,0,0.572546837,0.586094626,0.286798787
125,85,15,16,85,0,19.27050599,0.079577472,67,0,0.571896542,0.585618397,0.285648444
126,85,16,16,129,1,20.95297547,0.079577472,96,0,0.572764828,0.586486589,0.284634034
127,85,17,16,114,1,13.17672677,0.079577472,99,0,0.571972216,0.585663341,0.282594124
128,85,18,16,127,0,17.02966696,0.079577472,101,0,0.571688719,0.585380153,0.281114509
129,85,19,16,53,0,8.233537741,0.079577472,51,0,0.571709883,0.585352861,0.282080179
130,85,20,16,104,0,15.36263433,0.079577472,86,0,0.57174647,0.585324681,0.281742816
131,85,21,16,98,0,17.54273892,0.079577472,80,0,0.57234481,0.58592816,0.281432845
132,85,22,16,37,0,10.5167496,0.079577472,34,0,0.572028779,0.585596908,0.281249437
133,85,23,16,145,0,19.69976418,0.079577472,114,0,0.571136275,0.58482732,0.279123456
134,85,24,16,113,1,15.10266561,0.079577472,94,0,0.571771989,0.585460196,0.278517453
135,85,25,16,158,0,21.25403426,0.079577472,116,0,0.572344324,0.586038142,0.277155928
136,85,26,16,182,0,16.95446248,0.079577472,145,0,0.571462084,0.585148156,0.273316035
137,85,27,16,73,0,14.19579449,0.079577472,65,0,0.572117639,0.585747131,0.273459788
138,85,28,16,132,1,17.03424238,0.079577472,111,0,0.572053014,0.585696623,0.27313383
139,85,29,16,18,0,12.09858266,0.079577472,16,0,0.57221174,0.585851126,0.273322213
140,85,30,16,133,0,18.52344143,0.079577472,102,0,0.573008972,0.586675575,0.27342614
141,85,31,16,65,0,12.72888229,0.079577472,57,0,0.573090017,0.586728159,0.274003189
142,85,32,16,33,0,11.03444042,0.079577472,30,0,0.573147643,0.586759155,0.274616065
143,85,33,16,211,2,21.97779889,0.079577472,151,0,0.572066421,0.585685683,0.271195632
144,85,34,16,162,1,17.63191486,0.079577472,130,0,0.572135716,0.585691838,0.270111257
145,85,35,16,115,1,14.94863317,0.079577472,96,0,0.572696277,0.58616527,0.270255634
146,85,36,16,99,0,15.85108423,0.079577472,87,0,0.573215326,0.586621105,0.270139249
147,85,37,16,136,2,21.37832302,0.079577472,109,0,0.574021656,0.587427071,0.269474709
148,85,38,16,159,0,18.17803677,0.079577472,126,0,0.574225491,0.587604593,0.268658582
149,85,39,16,72,1,18.68296275,0.079577472,55,0,0.574226856,0.587635088,0.268704637
150,85,40,16,58,0,11.6949425,0.079577472,52,0,0.573907222,0.587311124,0.268677782
151,85,41,16,66,0,19.02950907,0.079577472,53,0,0.574239725,0.587601066,0.268801154
152,85,42,16,37,0,14.78769885,0.079577472,31,0,0.574134322,0.587492495,0.268958294
153,85,43,16,52,0,9.284745013,0.079577472,49,0,0.574184365,0.587591606,0.268637767
154,85,44,16,102,0,19.15634956,0.079577472,77,0,0.574110444,0.587512009,0.2692085
155,85,45,16,37,0,10.5167496,0.079577472,34,0,0.574183611,0.587565913,0.269605555
156,85,46,16,58,0,13.52725638,0.079577472,53,0,0.574244671,0.587629454,0.269365808
157,85,47,16,165,0,15.18459515,0.079577472,137,0,0.574814294,0.588137279,0.267807304
158,85,48,16,291,3,26.89408606,0.079577472,189,0,0.573649284,0.587114372,0.26465984
159,85,49,16,56,0,12.84668265,0.079577472,52,0,0.5738038,0.587229271,0.264973319
160,85,50,16,144,2,17.2261847,0.079577472,117,0,0.573702278,0.58713673,0.263752285
161,85,51,16,106,0,21.1625489,0.079577472,79,0,0.574039842,0.5874742,0.263304962
162,20,1,16,0,0,0,,0,0,0.574039842,0.5874742,0.263304962
163,20,2,16,42,0,6.245800355,0.079577472,42,0,0.574180709,0.587602314,0.263499583
164,20,3,16,8,0,6.245800355,0.079577472,8,0,0.574371498,0.587784703,0.26371237
165,20,4,16,31,0,6.245800355,0.079577472,31,0,0.574580084,0.587981067,0.263849063
166,20,5,16,49,0,7.320801186,0.079577472,48,0,0.574733612,0.588131752,0.26397803
167,20,6,16,128,0,12.01435265,0.079577472,117,0,0.575020674,0.588366016,0.263837273
168,20,7,16,122,0,7.541088242,0.079577472,119,0,0.575083582,0.588430777,0.263065003
169,20,8,16,157,1,12.29086314,0.079577472,142,0,0.574292092,0.587672072,0.262887183
170,20,9,16,116,1,12.6270326,0.079577472,111,0,0.574101872,0.587466609,0.263179437
171,20,10,16,39,0,7.596442425,0.079577472,38,0,0.573877657,0.587235403,0.263203384
172,20,11,16,103,0,8.291433005,0.079577472,99,0,0.574265309,0.587608635,0.262814529
173,20,12,16,38,0,6.245800355,0.079577472,38,0,0.573887045,0.587204866,0.262553567
174,20,13,16,0,0,0,,0,0,0.573887045,0.587204866,0.262553567
175,20,14,16,0,0,0,,0,0,0.573887045,0.587204866,0.262553567
176,20,15,16,0,0,0,,0,0,0.573887045,0.587204866,0.262553567
177,20,16,16,0,0,0,,0,0,0.573887045,0.587204866,0.262553567
178,20,17,16,0,0,0,,0,0,0.573887045,0.587204866,0.262553567
179,20,18,16,0,0,0,,0,0,0.573887045,0.587204866,0.262553567
180,20,19,16,0,0,0,,0,0,0.573887045,0.587204866,0.262553567
181,20,20,16,0,0,0,,0,0,0.573887045,0.587204866,0.262553567
182,20,21,16,0,0,0,,0,0,0.573887045,0.587204866,0.262553567
183,20,22,16,0,0,0,,0,0,0.573887045,0.587204866,0.262553567
184,20,23,16,0,0,0,,0,0,0.573887045,0.587204866,0.262553567
185,20,24,16,0,0,0,,0,0,0.573887045,0.587204866,0.262553567
186,20,25,16,0,0,0,,0,0,0.573887045,0.587204866,0.262553567
187,20,26,16,0,0,0,,0,0,0.573887045,0.587204866,0.262553567
188,20,27,16,0,0,0,,0,0,0.573887045,0.587204866,0.262553567
189,20,28,16,0,0,0,,0,0,0.573887045,0.587204866,0.262553567
190,20,29,16,0,0,0,,0,0,0.573887045,0.587204866,0.262553567
191,20,30,16,0,0,0,,0,0,0.573887045,0.587204866,0.262553567
192,20,31,16,0,0,0,,0,0,0.573887045,0.587204866,0.262553567
193,20,32,16,0,0,0,,0,0,0.573887045,0.587204866,0.262553567
194,20,33,16,0,0,0,,0,0,0.573887045,0.587204866,0.262553567
195,20,34,16,0,0,0,,0,0,0.573887045,0.587204866,0.262553567
196,20,35,16,0,0,0,,0,0,0.573887045,0.587204866,0.262553567
197,20,36,16,0,0,0,,0,0,0.573887045,0.587204866,0.262553567
198,20,37,16,0,0,0,,0,0,0.573887045,0.587204866,0.262553567
199,20,38,16,0,0,0,,0,0,0.573887045,0.587204866,0.262553567
200,20,39,16,0,0,0,,0,0,0.573887045,0.587204866,0.262553567
201,20,40,16,0,0,0,,0,0,0.573887045,0.587204866,0.262553567
202,20,41,16,20,0,6.245800355,0.079577472,20,0,0.573842572,0.587170154,0.262318731
203,20,42,16,0,0,0,,0,0,0.573842572,0.587170154,0.262318731
204,20,43,16,0,0,0,,0,0,0.573842572,0.587170154,0.262318731
205,20,44,16,0,0,0,,0,0,0.573842572,0.587170154,0.262318731
206,20,45,16,0,0,0,,0,0,0.573842572,0.587170154,0.262318731
207,20,46,16,0,0,0,,0,0,0.573842572,0.587170154,0.262318731
208,20,47,16,0,0,0,,0,0,0.573842572,0.587170154,0.262318731
209,20,48,16,0,0,0,,0,0,0.573842572,0.587170154,0.262318731
210,20,49,16,0,0,0,,0,0,0.573842572,0.587170154,0.262318731
211,20,50,16,0,0,0,,0,0,0.573842572,0.587170154,0.262318731
212,45,1,16,456,8,21.2749671,0.079577472,344,0,0.570921403,0.584511392,0.257436372
213,45,2,16,319,4,20.94486854,0.079577472,233,0,0.570370478,0.584136542,0.25512731
214,45,3,16,93,0,10.77698666,0.079577472,85,0,0.570805189,0.584540642,0.255861484
215,45,4,16,260,1,20.83628904,0.079577472,191,0,0.570923238,0.584677488,0.254481227
216,45,5,16,384,3,20.37718921,0.079577472,284,0,0.569997523,0.583862833,0.251888553
217,45,6,16,128,1,15.3065427,0.079577472,109,0,0.569879706,0.583765241,0.251032434
218,45,7,16,138,0,13.11645784,0.079577472,120,0,0.569837977,0.583779752,0.250655825
219,45,8,16,252,1,26.32348401,0.079577472,165,0,0.569182794,0.583179032,0.250087814
220,45,9,16,393,10,27.46066655,0.079577472,280,0,0.566918585,0.581131158,0.248199938
221,45,10,16,133,0,18.12738849,0.079577472,103,0,0.567041538,0.581273289,0.247957191
222,45,11,16,176,4,17.03074191,0.079577472,146,0,0.566116205,0.580382204,0.247256484
223,45,12,16,172,0,20.6449343,0.079577472,128,0,0.566298411,0.580552137,0.247256627
224,45,13,16,289,1,21.74485472,0.079577472,210,0,0.564656413,0.579111163,0.245696392
225,45,14,16,449,5,21.98265659,0.079577472,339,0,0.562542522,0.577164413,0.243039435
226,45,15,16,178,1,18.98624486,0.079577472,144,0,0.562581595,0.577160587,0.243103119
227,45,16,16,99,1,12.63065378,0.079577472,87,0,0.562571718,0.577164392,0.242866994
228,45,17,16,101,0,11.46115092,0.079577472,91,0,0.56261176,0.577245976,0.242593791
229,45,18,16,59,0,16.99069418,0.079577472,53,0,0.562534741,0.577170666,0.242793337
230,45,19,16,42,0,12.51663854,0.079577472,37,0,0.56206344,0.576718209,0.242709665
231,45,20,16,285,4,18.45071592,0.079577472,225,0,0.5612602,0.576031164,0.241080719
232,45,21,16,257,4,26.35357753,0.079577472,177,0,0.561758166,0.576498747,0.24066935
233,45,22,16,284,6,31.55181666,0.079577472,193,0,0.561557871,0.576354823,0.240522557
234,45,23,16,174,0,15.32770393,0.079577472,144,0,0.561184379,0.576030591,0.240101092
235,45,24,16,103,1,12.89410647,0.079577472,90,0,0.560719065,0.575540291,0.239791635
236,45,25,16,236,1,16.74400019,0.079577472,195,0,0.559221647,0.574101771,0.237910239
237,45,26,16,116,0,9.424466606,0.079577472,109,0,0.558719572,0.573645369,0.237191475
238,45,27,16,245,2,18.2895816,0.079577472,192,0,0.559319305,0.574243334,0.237180823
239,45,28,16,205,4,14.21129432,0.079577472,174,0,0.55971558,0.57462558,0.236642702
240,45,29,16,217,1,18.8726494,0.079577472,168,0,0.560169914,0.575045796,0.235987831
241,45,30,16,377,6,18.97027039,0.079577472,298,0,0.559570425,0.574491274,0.234338538
242,45,31,16,341,6,17.98569213,0.079577472,265,0,0.559940579,0.574892865,0.232873099
243,45,32,16,235,2,17.47685048,0.079577472,203,0,0.560038368,0.57507147,0.232146274
244,45,33,16,65,0,7.866570839,0.079577472,63,0,0.559806018,0.574873627,0.232121646
245,45,34,16,98,0,18.08023933,0.079577472,79,0,0.55975932,0.57483211,0.232077806
246,45,35,16,77,0,12.4026233,0.079577472,68,0,0.55992527,0.575003956,0.232337062
247,45,36,16,210,1,22.05711375,0.079577472,153,0,0.559728177,0.574807992,0.232358579
248,45,37,16,176,0,22.71200129,0.079577472,124,0,0.559627322,0.574764995,0.23244957
249,45,38,16,55,0,27.38302564,0.079577472,42,0,0.55986113,0.574990653,0.232761269
250,45,39,16,423,1,22.19621604,0.079577472,310,0,0.559740065,0.574849973,0.230902334
251,45,40,16,255,2,26.1198921,0.079577472,186,0,0.559831842,0.574952176,0.23095559
252,45,41,16,137,1,23.17007712,0.079577472,96,0,0.560066612,0.575165898,0.231404371
253,45,42,16,193,0,18.54669843,0.079577472,157,0,0.559682469,0.574764116,0.230790352
254,45,43,16,267,5,26.78072491,0.079577472,175,0,0.559259246,0.574345911,0.229956808
255,45,44,16,274,1,20.28303429,0.079577472,204,0,0.559535776,0.574599393,0.229078786
256,45,45,16,245,0,19.1533542,0.079577472,191,0,0.559910415,0.574976246,0.229011492
257,45,46,16,310,1,17.97620699,0.079577472,247,0,0.559367499,0.5744045,0.227783707
258,45,47,16,189,4,16.00043753,0.079577472,154,0,0.559379023,0.57440429,0.227857531
259,45,48,16,125,0,11.30260427,0.079577472,113,0,0.559353705,0.574377106,0.22801141
260,45,49,16,155,0,18.14016439,0.079577472,120,0,0.559360294,0.574385807,0.227960197
261,45,50,16,289,3,20.2867221,0.079577472,218,0,0.559294956,0.574310398,0.227335261
262,145,1,1,337,2,24.39920604,0.079577472,245,0,0.556356427,0.571620903,0.225643608
263,145,2,1,253,1,22.07643808,0.079577472,183,0,0.553453497,0.56894432,0.224193276
264,145,3,1,309,5,25.87968683,0.079577472,221,0,0.551248623,0.566892293,0.222559542
265,145,4,1,409,4,25.45582036,0.079577472,284,0,0.548001442,0.563931553,0.22056171
266,145,5,1,383,5,29.09795147,0.079577472,244,0,0.544931907,0.561166599,0.218792438
267,145,6,1,289,2,24.13350617,0.079577472,215,0,0.543042365,0.559459006,0.21764676
268,145,7,1,279,2,25.13899236,0.079577472,191,0,0.540978104,0.557607016,0.216695481
269,145,8,1,337,4,23.13230673,0.079577472,235,0,0.539118966,0.555951005,0.215554494
270,145,9,1,387,7,26.28041624,0.079577472,270,0,0.535451448,0.55262453,0.214071964
271,145,10,1,421,9,24.65802862,0.079577472,298,0,0.533036859,0.550490882,0.212643267
272,145,11,1,429,9,28.63587002,0.079577472,298,0,0.529758943,0.547527247,0.211031222
273,145,12,1,399,9,27.92448748,0.079577472,271,0,0.527220983,0.545268369,0.20942024
274,145,13,1,519,11,28.41942312,0.079577472,373,0,0.525187578,0.543439934,0.207879974
275,145,14,1,291,4,21.64468337,0.079577472,218,0,0.523810426,0.542324949,0.207142382
276,145,15,1,310,4,36.56301396,0.079577472,195,0,0.521639751,0.540363494,0.206164263
277,145,16,1,279,3,29.88547625,0.079577472,187,0,0.520154651,0.539168538,0.205464938
278,145,17,1,399,7,25.26560577,0.079577472,267,0,0.517242254,0.536404736,0.203723883
279,145,18,1,280,3,27.5039418,0.079577472,167,0,0.516077409,0.535328714,0.202894867
280,145,19,1,449,4,28.68821212,0.079577472,303,0,0.513701291,0.533251129,0.201840908
281,145,20,1,295,3,29.87516892,0.079577472,205,0,0.512184127,0.531921867,0.201075142
282,145,21,1,380,4,27.48848184,0.079577472,266,0,0.511162518,0.531042152,0.199873274
283,145,22,1,376,5,21.67325606,0.079577472,284,0,0.508828639,0.528874346,0.198618431
284,145,23,1,467,12,23.62605066,0.079577472,328,0,0.507305127,0.527513448,0.197400368
285,145,24,1,387,7,23.4220807,0.079577472,294,0,0.506247879,0.526598874,0.196429731
286,145,25,1,261,2,27.47585644,0.079577472,186,0,0.504915592,0.525409607,0.195867381
287,145,26,1,240,2,28.88682664,0.079577472,164,0,0.504283611,0.524853499,0.19546946
288,145,27,1,350,5,26.74286007,0.079577472,247,0,0.503609231,0.524335541,0.195028218
289,145,28,1,363,4,27.90033114,0.079577472,247,0,0.502469198,0.523412211,0.194484908
290,145,29,1,359,3,23.57762117,0.079577472,262,0,0.501452711,0.522431292,0.193451804
291,145,30,1,333,5,23.9762063,0.079577472,236,0,0.500057609,0.521194978,0.192658468
292,145,31,1,296,6,26.19562909,0.079577472,202,0,0.499132137,0.520439416,0.192170945
293,145,32,1,348,3,25.03631197,0.079577472,245,0,0.498252339,0.519701809,0.191897937
294,145,33,1,245,3,20.45467099,0.079577472,194,0,0.497019837,0.518577439,0.191469959
295,145,34,1,188,3,21.3906119,0.079577472,143,0,0.495881027,0.517578416,0.191200067
296,145,35,1,266,1,26.48271582,0.079577472,191,0,0.494911621,0.516696027,0.190661425
297,145,36,1,253,3,26.26238889,0.079577472,178,0,0.493837458,0.515750974,0.19021743
298,145,37,1,246,4,24.05208285,0.079577472,187,0,0.493047784,0.515055439,0.189710082
299,145,38,1,262,1,25.37727357,0.079577472,191,0,0.492469037,0.514524701,0.189066553
300,145,39,1,256,4,22.91973218,0.079577472,181,0,0.491792727,0.513992517,0.188694457
301,145,40,1,390,7,31.15685314,0.079577472,275,0,0.491395994,0.513700041,0.188295827
302,145,41,1,287,8,25.91320966,0.079577472,204,0,0.490315232,0.512740079,0.187817947
303,145,42,1,252,4,27.17793156,0.079577472,173,0,0.48918987,0.511765115,0.187425843
304,145,43,1,280,3,23.56981595,0.079577472,203,0,0.488449592,0.511114163,0.186926487
305,145,44,1,363,5,22.07300679,0.079577472,266,0,0.487816089,0.510585592,0.186295402
306,145,45,1,343,7,22.0825294,0.079577472,252,0,0.486713327,0.509533976,0.185569203
307,145,46,1,324,5,26.58792677,0.079577472,220,0,0.48596083,0.508832391,0.184947229
308,145,47,1,269,4,28.59997045,0.079577472,179,0,0.48486782,0.50787984,0.184506348
309,145,48,1,314,7,23.37445926,0.079577472,227,0,0.483651704,0.506806483,0.18423257
310,145,49,1,423,7,37.05865651,0.079577472,248,0,0.483162055,0.506503596,0.18420422
311,145,50,1,494,14,25.68793753,0.079577472,360,0,0.482060277,0.505497916,0.183420933
312,204,1,1,0,0,0,,0,0,0.482060277,0.505497916,0.183420933
313,204,2,1,0,0,0,,0,0,0.482060277,0.505497916,0.183420933
314,204,3,1,0,0,0,,0,0,0.482060277,0.505497916,0.183420933
315,204,4,1,0,0,0,,0,0,0.482060277,0.505497916,0.183420933
316,204,5,1,1,0,6.245800355,0.079577472,1,0,0.482052483,0.505491157,0.183415839
317,204,6,1,11,0,6.245800355,0.079577472,11,0,0.482052403,0.505491088,0.183376576
318,204,7,1,0,0,0,,0,0,0.482052403,0.505491088,0.183376576
319,204,8,1,1,0,58.9208411,0.079577472,0,0,0.482059163,0.505497098,0.183368276
320,204,9,1,0,0,0,,0,0,0.482059163,0.505497098,0.183368276
321,204,10,1,0,0,0,,0,0,0.482059163,0.505497098,0.183368276
322,204,11,1,0,0,0,,0,0,0.482059163,0.505497098,0.183368276
323,204,12,1,0,0,0,,0,0,0.482059163,0.505497098,0.183368276
324,204,13,1,0,0,0,,0,0,0.482059163,0.505497098,0.183368276
325,204,14,1,0,0,0,,0,0,0.482059163,0.505497098,0.183368276
326,204,15,1,0,0,0,,0,0,0.482059163,0.505497098,0.183368276
327,204,16,1,0,0,0,,0,0,0.482059163,0.505497098,0.183368276
328,204,17,1,35,0,7.750801519,0.079577472,34,0,0.482007107,0.505454416,0.183319397
329,204,18,1,3,0,23.80414727,0.079577472,2,0,0.481996083,0.505443781,0.183315481
330,204,19,1,0,0,0,,0,0,0.481996083,0.505443781,0.183315481
331,204,20,1,0,0,0,,0,0,0.481996083,0.505443781,0.183315481
332,204,21,1,0,0,0,,0,0,0.481996083,0.505443781,0.183315481
333,204,22,1,0,0,0,,0,0,0.481996083,0.505443781,0.183315481
334,204,23,1,0,0,0,,0,0,0.481996083,0.505443781,0.183315481
335,204,24,1,0,0,0,,0,0,0.481996083,0.505443781,0.183315481
336,204,25,1,0,0,0,,0,0,0.481996083,0.505443781,0.183315481
337,204,26,1,0,0,0,,0,0,0.481996083,0.505443781,0.183315481
338,204,27,1,0,0,0,,0,0,0.481996083,0.505443781,0.183315481
339,204,28,1,0,0,0,,0,0,0.481996083,0.505443781,0.183315481
340,204,29,1,0,0,0,,0,0,0.481996083,0.505443781,0.183315481
341,204,30,1,0,0,0,,0,0,0.481996083,0.505443781,0.183315481
342,204,31,1,0,0,0,,0,0,0.481996083,0.505443781,0.183315481
343,204,32,1,0,0,0,,0,0,0.481996083,0.505443781,0.183315481
344,204,33,1,0,0,0,,0,0,0.481996083,0.505443781,0.183315481
345,204,34,1,0,0,0,,0,0,0.481996083,0.505443781,0.183315481
346,204,35,1,0,0,0,,0,0,0.481996083,0.505443781,0.183315481
347,204,36,1,0,0,0,,0,0,0.481996083,0.505443781,0.183315481
348,204,37,1,3,0,6.245800355,0.079577472,3,0,0.481984875,0.505430804,0.183326792
349,204,38,1,0,0,0,,0,0,0.481984875,0.505430804,0.183326792
350,204,39,1,0,0,0,,0,0,0.481984875,0.505430804,0.183326792
351,204,40,1,0,0,0,,0,0,0.481984875,0.505430804,0.183326792
352,204,41,1,10,0,6.245800355,0.079577472,10,0,0.481984205,0.505432673,0.183300927
353,204,42,1,0,0,0,,0,0,0.481984205,0.505432673,0.183300927
354,204,43,1,0,0,0,,0,0,0.481984205,0.505432673,0.183300927
355,204,44,1,1,0,6.245800355,0.079577472,1,0,0.481975135,0.505424762,0.183296373
356,204,45,1,0,0,0,,0,0,0.481975135,0.505424762,0.183296373
357,204,46,1,1,0,6.245800355,0.079577472,1,0,0.48198815,0.505437188,0.183316893
358,204,47,1,0,0,0,,0,0,0.48198815,0.505437188,0.183316893
359,204,48,1,0,0,0,,0,0,0.48198815,0.505437188,0.183316893
360,204,49,1,3,0,6.245800355,0.079577472,3,0,0.482004906,0.505454105,0.183339301
361,204,50,1,8,0,6.245800355,0.079577472,8,0,0.482043315,0.50549157,0.183319905
362,141,,1,0,0,0,,0,0,0.482043315,0.50549157,0.183319905
363,141,,1,0,0,0,,0,0,0.482043315,0.50549157,0.183319905
364,141,,1,0,0,0,,0,0,0.482043315,0.50549157,0.183319905
365,141,,1,0,0,0,,0,0,0.482043315,0.50549157,0.183319905
366,141,,1,0,0,0,,0,0,0.482043315,0.50549157,0.183319905
367,141,,1,0,0,0,,0,0,0.482043315,0.50549157,0.183319905
368,141,,1,0,0,0,,0,0,0.482043315,0.50549157,0.183319905
369,141,,1,0,0,0,,0,0,0.482043315,0.50549157,0.183319905
370,141,,1,0,0,0,,0,0,0.482043315,0.50549157,0.183319905
371,141,,1,0,0,0,,0,0,0.482043315,0.50549157,0.183319905
372,141,,1,0,0,0,,0,0,0.482043315,0.50549157,0.183319905
373,141,,1,0,0,0,,0,0,0.482043315,0.50549157,0.183319905
374,141,,1,0,0,0,,0,0,0.482043315,0.50549157,0.183319905
375,141,,1,0,0,0,,0,0,0.482043315,0.50549157,0.183319905
376,141,,1,0,0,0,,0,0,0.482043315,0.50549157,0.183319905
377,141,,1,0,0,0,,0,0,0.482043315,0.50549157,0.183319905
378,141,,1,0,0,0,,0,0,0.482043315,0.50549157,0.183319905
379,141,,1,0,0,0,,0,0,0.482043315,0.50549157,0.183319905
380,141,,1,0,0,0,,0,0,0.482043315,0.50549157,0.183319905
381,141,,1,0,0,0,,0,0,0.482043315,0.50549157,0.183319905
382,141,,1,0,0,0,,0,0,0.482043315,0.50549157,0.183319905
383,141,,1,0,0,0,,0,0,0.482043315,0.50549157,0.183319905
384,141,,1,0,0,0,,0,0,0.482043315,0.50549157,0.183319905
385,141,,1,0,0,0,,0,0,0.482043315,0.50549157,0.183319905
386,141,,1,0,0,0,,0,0,0.482043315,0.50549157,0.183319905
387,141,,1,0,0,0,,0,0,0.482043315,0.50549157,0.183319905
388,141,,1,0,0,0,,0,0,0.482043315,0.50549157,0.183319905
389,141,,1,0,0,0,,0,0,0.482043315,0.50549157,0.183319905
390,141,,1,0,0,0,,0,0,0.482043315,0.50549157,0.183319905
391,141,,1,0,0,0,,0,0,0.482043315,0.50549157,0.183319905
392,141,,1,0,0,0,,0,0,0.482043315,0.50549157,0.183319905
393,141,,1,0,0,0,,0,0,0.482043315,0.50549157,0.183319905
394,141,,1,0,0,0,,0,0,0.482043315,0.50549157,0.183319905
395,141,,1,0,0,0,,0,0,0.482043315,0.50549157,0.183319905
396,141,,1,0,0,0,,0,0,0.482043315,0.50549157,0.183319905
397,141,,1,0,0,0,,0,0,0.482043315,0.50549157,0.183319905
398,141,,1,0,0,0,,0,0,0.482043315,0.50549157,0.183319905
399,141,,1,0,0,0,,0,0,0.482043315,0.50549157,0.183319905
400,141,,1,0,0,0,,0,0,0.482043315,0.50549157,0.183319905
401,141,,1,0,0,0,,0,0,0.482043315,0.50549157,0.183319905
402,141,,1,0,0,0,,0,0,0.482043315,0.50549157,0.183319905
403,141,,1,0,0,0,,0,0,0.482043315,0.50549157,0.183319905
404,141,,1,0,0,0,,0,0,0.482043315,0.50549157,0.183319905
405,141,,1,0,0,0,,0,0,0.482043315,0.50549157,0.183319905
406,141,,1,0,0,0,,0,0,0.482043315,0.50549157,0.183319905
407,141,,1,0,0,0,,0,0,0.482043315,0.50549157,0.183319905
408,141,,1,0,0,0,,0,0,0.482043315,0.50549157,0.183319905
409,141,,1,0,0,0,,0,0,0.482043315,0.50549157,0.183319905
410,141,,1,0,0,0,,0,0,0.482043315,0.50549157,0.183319905
411,141,,1,0,0,0,,0,0,0.482043315,0.50549157,0.183319905
412,192,1,1,1175,16,28.98474441,0.079577472,704,0,0.482063761,0.505445685,0.181817049
413,192,2,1,1286,18,35.9708155,0.079577472,678,0,0.481124721,0.504449574,0.17968823
414,192,3,1,1019,16,31.86007391,0.079577472,605,0,0.482577778,0.505726119,0.179356121
415,192,4,1,1248,24,32.44855271,0.079577472,745,0,0.481887986,0.505021942,0.177970747
416,192,5,1,985,12,29.70634126,0.079577472,643,0,0.482682495,0.505631923,0.176584925
417,192,6,1,1356,30,36.16736616,0.079577472,779,0,0.483711916,0.506448154,0.174772785
418,192,7,1,1395,29,34.6008248,0.079577472,780,0,0.483172547,0.505788855,0.172503439
419,192,8,1,717,12,26.9889579,0.079577472,480,0,0.484341789,0.50678133,0.172623281
420,192,9,1,681,24,46.95337364,0.079577472,470,0,0.485741806,0.508047996,0.173191695
421,192,10,1,1251,34,37.96591549,0.079577472,768,0,0.487155307,0.50937294,0.172857711
422,192,11,1,922,19,36.12145091,0.079577472,541,0,0.487819372,0.509944029,0.172450807
423,192,12,1,860,8,32.19003095,0.079577472,521,0,0.488554139,0.510547734,0.171862121
424,192,13,1,1086,11,33.82399485,0.079577472,608,0,0.487943649,0.509834426,0.169857725
425,192,14,1,831,17,30.8034655,0.079577472,504,0,0.488903801,0.510621405,0.169193375
426,192,15,1,1094,15,35.38272233,0.079577472,649,0,0.488763243,0.510376064,0.168087696
427,192,16,1,1048,19,30.10017966,0.079577472,664,0,0.489594152,0.511094829,0.167547302
428,192,17,1,989,18,33.89101625,0.079577472,615,0,0.490568074,0.511937387,0.167073553
429,192,18,1,1448,31,35.46354825,0.079577472,820,0,0.490351537,0.511641707,0.165750528
430,192,19,1,808,8,29.92303445,0.079577472,570,0,0.491636135,0.512784097,0.166168088
431,192,20,1,1059,20,29.84192881,0.079577472,648,0,0.491848166,0.512899986,0.165719851
432,192,21,1,686,8,26.53071579,0.079577472,443,0,0.49224669,0.513230352,0.165160365
433,192,22,1,438,8,28.41843527,0.079577472,299,0,0.49259568,0.51352425,0.165435051
434,192,23,1,601,14,25.46480185,0.079577472,418,0,0.492887878,0.513739253,0.165770071
435,192,24,1,1243,28,34.92262456,0.079577472,687,0,0.491625671,0.512496775,0.164721425
436,192,25,1,646,12,26.83544409,0.079577472,457,0,0.492316772,0.513109014,0.165071461
437,192,26,1,986,13,29.40137412,0.079577472,616,0,0.491893634,0.512609337,0.164348976
438,192,27,1,1300,29,33.90268477,0.079577472,714,0,0.491733043,0.512330485,0.163148074
439,192,28,1,872,28,39.51530692,0.079577472,522,0,0.492727713,0.513207511,0.163635021
440,192,29,1,1628,54,38.65937612,0.079577472,895,0,0.49059555,0.511061024,0.16156221
441,192,30,1,1384,17,36.39599797,0.079577472,767,0,0.489920176,0.510281572,0.159951767
442,192,31,1,1157,16,36.05896766,0.079577472,635,0,0.488702419,0.509065511,0.158542367
443,192,32,1,953,17,34.24199154,0.079577472,531,0,0.487802097,0.508173255,0.157619628
444,192,33,1,527,6,27.44803471,0.079577472,333,0,0.487844138,0.508218831,0.157438599
445,192,34,1,294,2,23.46153005,0.079577472,213,0,0.488196142,0.508544983,0.157479791
446,192,35,1,1519,41,37.98722276,0.079577472,796,0,0.4865253,0.506819787,0.155624958
447,192,36,1,511,13,43.30839812,0.079577472,327,0,0.487334457,0.5075614,0.156249522
448,192,37,1,542,8,39.75806571,0.079577472,302,0,0.488181155,0.508364916,0.156775594
449,192,38,1,694,14,31.24640428,0.079577472,431,0,0.488543381,0.50866817,0.157051636
450,192,39,1,1265,28,36.5329443,0.079577472,749,0,0.487846197,0.508009052,0.156265152
451,192,40,1,1017,12,31.08536829,0.079577472,637,0,0.488026411,0.50813738,0.155640219
452,192,41,1,925,8,32.75066201,0.079577472,529,0,0.487420654,0.50756077,0.15489707
453,192,42,1,543,5,24.39640323,0.079577472,371,0,0.488123285,0.50822161,0.154973179
454,192,43,1,212,1,21.65512417,0.079577472,153,0,0.488355909,0.508433788,0.15512657
455,192,44,1,937,15,31.45652124,0.079577472,567,0,0.487994733,0.5080527,0.154069382
456,192,45,1,1024,21,31.9885967,0.079577472,599,0,0.487085535,0.507180957,0.153118094
457,192,46,1,1012,13,32.99059256,0.079577472,613,0,0.487044799,0.507145388,0.152638076
458,192,47,1,920,17,29.92847457,0.079577472,606,0,0.48766905,0.507689487,0.152300651
459,192,48,1,1089,20,32.78486282,0.079577472,652,0,0.487991318,0.507948895,0.15182659
460,192,49,1,1022,18,37.50956823,0.079577472,515,0,0.486696867,0.506709262,0.151138101
461,192,50,1,517,11,28.78583442,0.079577472,335,0,0.487099876,0.507096097,0.151496187
462,13,1,24,0,0,0,,0,0,0.487099876,0.507096097,0.151496187
463,13,2,24,0,0,0,,0,0,0.487099876,0.507096097,0.151496187
464,13,3,24,0,0,0,,0,0,0.487099876,0.507096097,0.151496187
465,13,4,24,0,0,0,,0,0,0.487099876,0.507096097,0.151496187
466,13,5,24,0,0,0,,0,0,0.487099876,0.507096097,0.151496187
467,13,6,24,0,0,0,,0,0,0.487099876,0.507096097,0.151496187
468,13,7,24,0,0,0,,0,0,0.487099876,0.507096097,0.151496187
469,13,8,24,0,0,0,,0,0,0.487099876,0.507096097,0.151496187
470,13,9,24,0,0,0,,0,0,0.487099876,0.507096097,0.151496187
471,13,10,24,0,0,0,,0,0,0.487099876,0.507096097,0.151496187
472,13,11,24,0,0,0,,0,0,0.487099876,0.507096097,0.151496187
473,13,12,24,0,0,0,,0,0,0.487099876,0.507096097,0.151496187
474,13,13,24,0,0,0,,0,0,0.487099876,0.507096097,0.151496187
475,13,14,24,0,0,0,,0,0,0.487099876,0.507096097,0.151496187
476,13,15,24,0,0,0,,0,0,0.487099876,0.507096097,0.151496187
477,13,16,24,0,0,0,,0,0,0.487099876,0.507096097,0.151496187
478,13,17,24,0,0,0,,0,0,0.487099876,0.507096097,0.151496187
479,13,18,24,0,0,0,,0,0,0.487099876,0.507096097,0.151496187
480,13,19,24,0,0,0,,0,0,0.487099876,0.507096097,0.151496187
481,13,20,24,0,0,0,,0,0,0.487099876,0.507096097,0.151496187
482,13,21,24,0,0,0,,0,0,0.487099876,0.507096097,0.151496187
483,13,22,24,0,0,0,,0,0,0.487099876,0.507096097,0.151496187
484,13,23,24,0,0,0,,0,0,0.487099876,0.507096097,0.151496187
485,13,24,24,0,0,0,,0,0,0.487099876,0.507096097,0.151496187
486,13,25,24,0,0,0,,0,0,0.487099876,0.507096097,0.151496187
487,13,26,24,0,0,0,,0,0,0.487099876,0.507096097,0.151496187
488,13,27,24,0,0,0,,0,0,0.487099876,0.507096097,0.151496187
489,13,28,24,0,0,0,,0,0,0.487099876,0.507096097,0.151496187
490,13,29,24,0,0,0,,0,0,0.487099876,0.507096097,0.151496187
491,13,30,24,0,0,0,,0,0,0.487099876,0.507096097,0.151496187
492,13,31,24,0,0,0,,0,0,0.487099876,0.507096097,0.151496187
493,13,32,24,0,0,0,,0,0,0.487099876,0.507096097,0.151496187
494,13,33,24,0,0,0,,0,0,0.487099876,0.507096097,0.151496187
495,13,34,24,0,0,0,,0,0,0.487099876,0.507096097,0.151496187
496,13,35,24,0,0,0,,0,0,0.487099876,0.507096097,0.151496187
497,13,36,24,23,0,6.245800355,0.079577472,23,0,0.48707755,0.507079782,0.151515634
498,13,37,24,155,0,10.32386803,0.079577472,143,0,0.487260539,0.507261806,0.151620731
499,13,38,24,120,0,9.757469738,0.079577472,112,0,0.487262405,0.507274868,0.151644497
500,13,39,24,163,1,11.09319674,0.079577472,148,0,0.487233733,0.50727012,0.151544126
501,13,40,24,121,0,11.48504611,0.079577472,115,0,0.487186753,0.507234761,0.151534646
502,13,41,24,24,0,8.440593719,0.079577472,23,0,0.487211879,0.507260816,0.151577693
503,13,42,24,24,0,8.440593719,0.079577472,23,0,0.487261588,0.507306074,0.151615418
504,13,43,24,4,0,6.245800355,0.079577472,4,0,0.487284749,0.507328325,0.151642515
505,13,44,24,60,0,7.1237177,0.079577472,59,0,0.487331066,0.507376809,0.151688369
506,13,45,24,79,0,6.245800355,0.079577472,79,0,0.487265723,0.507324013,0.151664705
507,13,46,24,51,0,14.50855184,0.079577472,43,0,0.487289608,0.507353375,0.151771548
508,13,47,24,75,0,13.98379464,0.079577472,67,0,0.487267234,0.507360343,0.151850874
509,13,48,24,0,0,0,,0,0,0.487267234,0.507360343,0.151850874
510,13,49,24,0,0,0,,0,0,0.487267234,0.507360343,0.151850874
511,13,50,24,0,0,0,,0,0,0.487267234,0.507360343,0.151850874
512,14,1,24,51,0,9.344332163,0.079577472,48,0,0.487273447,0.507367697,0.151900925
513,14,2,24,41,0,11.40736832,0.079577472,40,0,0.487340879,0.507429974,0.151955563
514,14,3,24,79,0,10.24643636,0.079577472,73,0,0.487415562,0.507507659,0.152101966
515,14,4,24,5,0,6.245800355,0.079577472,5,0,0.487431415,0.507524568,0.152127004
516,14,5,24,20,0,6.245800355,0.079577472,20,0,0.487460503,0.507553135,0.152194063
517,14,6,24,63,0,16.29381008,0.079577472,54,0,0.487558882,0.507652232,0.152317121
518,14,7,24,29,0,8.06218107,0.079577472,28,0,0.487566455,0.507654884,0.152385856
519,14,8,24,32,0,7.891895378,0.079577472,31,0,0.487625388,0.507708465,0.152492908
520,14,9,24,35,0,9.255802683,0.079577472,33,0,0.487647258,0.507734093,0.152556706
521,14,10,24,95,2,16.26524485,0.079577472,86,0,0.487710845,0.507786523,0.152753422
522,14,11,24,75,0,12.56680524,0.079577472,66,0,0.487771391,0.507851037,0.152901929
523,14,12,24,5,0,6.245800355,0.079577472,5,0,0.487781988,0.507861127,0.152911842
524,14,13,24,56,0,15.70156425,0.079577472,52,0,0.487793967,0.507870829,0.152929164
525,14,14,24,33,0,6.245800355,0.079577472,33,0,0.487814881,0.50788805,0.152976862
526,14,15,24,61,0,18.38060267,0.079577472,53,0,0.487836221,0.507908946,0.153064184
527,14,16,24,24,0,6.245800355,0.079577472,24,0,0.487850664,0.507924532,0.153100195
528,14,17,24,32,0,17.8551021,0.079577472,31,0,0.487863321,0.507934128,0.15315143
529,14,18,24,49,0,23.55897164,0.079577472,42,0,0.487922988,0.507990576,0.153292465
530,14,19,24,13,0,10.29772657,0.079577472,12,0,0.487927883,0.507995749,0.15333492
531,14,20,24,12,0,54.83929555,0.079577472,10,0,0.487964721,0.508030203,0.153384047
532,14,21,24,36,0,10.63538708,0.079577472,33,0,0.488011285,0.508075952,0.153464387
533,14,22,24,4,0,6.245800355,0.079577472,4,0,0.488013821,0.508080471,0.153470784
534,14,23,24,4,0,6.245800355,0.079577472,4,0,0.488016043,0.508083449,0.153489269
535,14,24,24,13,0,10.29772657,0.079577472,12,0,0.48803726,0.508102928,0.153533983
536,14,25,24,31,0,9.64419008,0.079577472,29,0,0.488076132,0.508141722,0.1536031
537,14,26,24,72,0,18.00270516,0.079577472,68,0,0.48804906,0.508110485,0.153694099
538,14,27,24,16,0,9.537990401,0.079577472,15,0,0.488068624,0.50812826,0.153714075
539,14,28,24,46,0,23.482713,0.079577472,40,0,0.488133287,0.508196088,0.153849211
540,14,29,24,25,0,21.10570659,0.079577472,24,0,0.488198655,0.508258996,0.153942959
541,14,30,24,22,0,13.42876046,0.079577472,19,0,0.488223401,0.508286008,0.15400153
542,14,31,24,7,0,6.245800355,0.079577472,7,0,0.488230082,0.508294244,0.154020603
543,14,32,24,18,0,6.245800355,0.079577472,18,0,0.4882398,0.508301263,0.154032056
544,14,33,24,9,0,12.09858266,0.079577472,8,0,0.488233917,0.508295815,0.154038365
545,14,34,24,11,0,11.03444042,0.079577472,10,0,0.488238445,0.508300336,0.154050183
546,14,35,24,0,0,0,,0,0,0.488238445,0.508300336,0.154050183
547,14,36,24,1,0,6.245800355,0.079577472,1,0,0.48824069,0.508302517,0.154050011
548,14,37,24,0,0,0,,0,0,0.48824069,0.508302517,0.154050011
549,14,38,24,9,0,6.245800355,0.079577472,9,0,0.488231886,0.508295259,0.154074217
550,14,39,24,44,0,13.42876046,0.079577472,38,0,0.488252139,0.508311576,0.154132325
551,14,40,24,20,0,32.76814543,0.079577472,19,0,0.488245478,0.508308312,0.154150061
552,14,41,24,0,0,0,,0,0,0.488245478,0.508308312,0.154150061
553,14,42,24,29,0,8.06218107,0.079577472,28,0,0.488295591,0.50836176,0.15421893
554,14,43,24,32,0,7.891895378,0.079577472,31,0,0.488318221,0.508385855,0.154284769
555,14,44,24,28,0,6.245800355,0.079577472,28,0,0.48833246,0.50839908,0.15433055
556,14,45,24,0,0,0,,0,0,0.48833246,0.50839908,0.15433055
557,14,46,24,4,0,6.245800355,0.079577472,4,0,0.488326903,0.508395036,0.154331796
558,14,47,24,19,0,34.16405833,0.079577472,18,0,0.488325192,0.508390642,0.154356332
559,14,48,24,12,0,10.63538708,0.079577472,11,0,0.488342569,0.508410381,0.154409122
560,14,49,24,4,0,6.245800355,0.079577472,4,0,0.488352513,0.50841957,0.154416645
561,14,50,24,5,0,6.245800355,0.079577472,5,0,0.488359824,0.508427214,0.15444132
562,14,51,24,5,0,6.245800355,0.079577472,5,0,0.488360774,0.508427505,0.154460848
563,71,52,24,92,1,13.11645784,0.079577472,80,0,0.488383946,0.508455128,0.154476328
564,71,53,24,47,0,16.33251028,0.079577472,38,0,0.488310062,0.508391303,0.15446404
565,71,54,24,45,0,15.63078812,0.079577472,40,0,0.488294045,0.508377328,0.154456076
566,71,55,24,40,0,15.46393249,0.079577472,33,0,0.488206996,0.508299261,0.154436595
567,71,56,24,44,1,18.23840333,0.079577472,37,0,0.48810079,0.508214742,0.154440635
568,71,57,24,68,1,13.21749692,0.079577472,59,0,0.488073265,0.508196605,0.154438166
569,71,58,24,49,0,18.0708095,0.079577472,38,0,0.487987181,0.508130256,0.154439912
570,71,59,24,51,0,7.278644291,0.079577472,50,0,0.487960035,0.508114611,0.154448714
571,71,60,24,49,0,12.69580534,0.079577472,43,0,0.487858571,0.508021828,0.154407757
572,71,61,24,32,0,9.537990401,0.079577472,30,0,0.487864286,0.508030991,0.154403361
573,71,62,24,100,0,15.73654892,0.079577472,85,0,0.487885916,0.508056421,0.154370816
574,71,63,24,76,0,18.02837526,0.079577472,59,0,0.487826909,0.508009193,0.154372355
575,71,64,24,118,1,14.73520627,0.079577472,102,0,0.48776498,0.507963275,0.154361575
576,71,65,24,80,0,22.04831258,0.079577472,56,0,0.487747696,0.507960836,0.15435828
577,71,66,24,28,0,11.88955472,0.079577472,25,0,0.487751578,0.50796769,0.154349647
578,71,67,24,101,1,15.12104606,0.079577472,87,0,0.487698015,0.507933207,0.154344951
579,71,68,24,19,0,14.61155013,0.079577472,19,0,0.487704762,0.507941587,0.154364813
580,71,69,24,55,0,14.86535248,0.079577472,46,0,0.48770601,0.507956353,0.15435542
581,71,70,24,43,0,8.69580225,0.079577472,41,0,0.487663647,0.507920867,0.15435667
582,71,71,24,42,0,10.00830327,0.079577472,39,0,0.487670729,0.507935366,0.154324847
583,71,72,24,44,0,8.640120388,0.079577472,42,0,0.487645953,0.5079198,0.154313663
584,71,73,24,41,0,10.10007163,0.079577472,38,0,0.487583801,0.507867854,0.154328482
585,71,74,24,7,0,6.245800355,0.079577472,7,0,0.487597545,0.507881109,0.154331759
586,71,75,24,1,0,6.245800355,0.079577472,1,0,0.487600125,0.507883585,0.154331159
587,71,76,24,0,0,0,,0,0,0.487600125,0.507883585,0.154331159
588,71,77,24,43,0,11.16729539,0.079577472,42,0,0.487603335,0.507895681,0.154339836
589,71,78,24,49,1,11.62080451,0.079577472,44,0,0.487537783,0.507853831,0.154354069
590,71,79,24,41,0,17.83115377,0.079577472,35,0,0.487466717,0.50780393,0.154370099
591,71,80,24,19,0,6.245800355,0.079577472,19,0,0.487473085,0.507815451,0.154395071
592,71,81,24,37,0,6.245800355,0.079577472,37,0,0.487406965,0.507752771,0.154380824
593,71,82,24,66,0,12.63065378,0.079577472,58,0,0.487404039,0.50777124,0.15440423
594,71,83,24,47,0,18.59366358,0.079577472,39,0,0.487428176,0.507799578,0.154403419
595,71,84,24,102,0,14.50855184,0.079577472,86,0,0.487474742,0.507860717,0.154386104
596,71,85,24,27,0,6.245800355,0.079577472,27,0,0.487432438,0.507817666,0.154384802
597,71,86,24,94,0,14.65139196,0.079577472,79,0,0.487411319,0.507813207,0.154406449
598,71,87,24,85,2,18.66167167,0.079577472,71,0,0.487353909,0.507778401,0.154390954
599,71,88,24,84,1,10.00830327,0.079577472,78,0,0.487388918,0.507823656,0.154386374
600,71,89,24,79,0,11.59167946,0.079577472,74,0,0.487337521,0.507785751,0.154385039
601,71,90,24,106,0,15.19061859,0.079577472,88,0,0.487377565,0.507834191,0.15442819
602,71,91,24,79,0,14.24707237,0.079577472,67,0,0.487358359,0.507817292,0.15445517
603,71,92,24,87,0,12.90586298,0.079577472,76,0,0.487345458,0.507810881,0.154423458
604,71,93,24,96,0,16.69032141,0.079577472,83,0,0.48722359,0.507697075,0.154378235
605,71,94,24,111,1,11.94872479,0.079577472,102,0,0.487220171,0.5076977,0.15436592
606,71,95,24,114,1,17.79734438,0.079577472,89,0,0.487162714,0.507667341,0.154363001
607,71,96,24,39,0,8.947084495,0.079577472,37,0,0.487145515,0.507652382,0.154385885
608,71,97,24,53,0,7.239669048,0.079577472,52,0,0.48720294,0.507707458,0.154447368
609,71,98,24,70,0,16.05471145,0.079577472,63,0,0.487151399,0.507674098,0.154467255
610,71,99,24,16,0,6.245800355,0.079577472,16,0,0.487168975,0.507690201,0.15445424
611,71,100,24,73,0,11.29683166,0.079577472,66,0,0.487075917,0.50761963,0.154464268
612,71,101,24,44,0,8.640120388,0.079577472,42,0,0.48699571,0.507551653,0.154468486
613,71,102,24,53,0,14.1967499,0.079577472,45,0,0.486972182,0.507541594,0.154449
614,11,1,24,85,0,38.69884403,0.079577472,72,0,0.487041579,0.507600201,0.154686493
615,11,2,24,443,8,15.77699758,0.079577472,384,0,0.487395817,0.50791601,0.155048235
616,11,3,24,95,4,61.06091662,0.079577472,85,0,0.487456753,0.507967825,0.155278549
617,11,4,24,400,8,18.27788861,0.079577472,351,0,0.487721651,0.508192683,0.155648917
618,11,5,24,93,2,58.8413466,0.079577472,78,0,0.487776787,0.50823602,0.155851194
619,11,6,24,409,4,14.90861107,0.079577472,369,0,0.488402346,0.50882123,0.156258748
620,11,7,24,795,9,18.97661899,0.079577472,618,0,0.488450793,0.508829458,0.156197688
621,11,8,24,103,0,21.67776596,0.079577472,91,0,0.488602393,0.508969278,0.156480363
622,11,9,24,296,4,19.130455,0.079577472,265,0,0.488956538,0.509294223,0.15699009
623,11,10,24,279,5,21.23051295,0.079577472,242,0,0.489156452,0.50946206,0.157349333
624,11,11,24,88,3,53.34459576,0.079577472,74,0,0.489296752,0.509586322,0.157639616
625,11,12,24,673,15,17.78429954,0.079577472,573,0,0.490023624,0.510254595,0.157801023
626,11,13,24,136,2,34.26169212,0.079577472,97,0,0.490081533,0.510303258,0.157970913
627,11,14,24,124,2,45.25275611,0.079577472,110,0,0.490196901,0.510401925,0.158237253
628,11,15,24,86,3,32.20722395,0.079577472,80,0,0.490248116,0.510445568,0.158461166
629,11,16,24,73,2,9.853679858,0.079577472,68,0,0.490391925,0.510581098,0.158713479
630,11,17,24,131,1,31.77559444,0.079577472,125,0,0.490518387,0.51069863,0.158949505
631,11,18,24,94,2,50.29896526,0.079577472,76,0,0.490593194,0.510763615,0.159126488
632,11,19,24,90,2,32.72707328,0.079577472,75,0,0.490639091,0.51079661,0.159314359
633,11,20,24,202,2,22.02909813,0.079577472,189,0,0.491035586,0.511175343,0.159835818
634,11,21,24,219,3,24.40335065,0.079577472,195,0,0.491373356,0.511492896,0.160228854
635,11,22,24,176,6,55.49738351,0.079577472,155,0,0.491706404,0.511796328,0.160593739
636,11,23,24,188,2,19.78814239,0.079577472,172,0,0.491935615,0.512002039,0.160838193
637,11,24,24,15,0,6.245800355,0.079577472,15,0,0.491960094,0.512024884,0.160862633
638,11,25,24,106,0,6.742734701,0.079577472,105,0,0.492078522,0.512136054,0.160958439
639,11,26,24,10,0,6.245800355,0.079577472,10,0,0.49207399,0.512130591,0.160957589
640,11,27,24,68,0,9.344332163,0.079577472,64,0,0.492052391,0.512103819,0.161014988
641,11,28,24,6,0,6.245800355,0.079577472,6,0,0.492072396,0.512122591,0.161045429
642,11,29,24,63,0,9.604916013,0.079577472,62,0,0.492138815,0.512187271,0.161054655
643,11,30,24,3,0,6.245800355,0.079577472,3,0,0.492153022,0.512200857,0.161059226
644,11,31,24,71,0,6.987702337,0.079577472,70,0,0.49217315,0.512218406,0.161061457
645,11,32,24,0,0,0,,0,0,0.49217315,0.512218406,0.161061457
646,11,33,24,30,0,9.757469738,0.079577472,28,0,0.492187203,0.512230264,0.161075626
647,11,34,24,18,0,6.245800355,0.079577472,18,0,0.492215105,0.512255758,0.161103165
648,11,35,24,23,0,8.536019517,0.079577472,22,0,0.492230236,0.512271159,0.161137389
649,11,36,24,6,0,6.245800355,0.079577472,6,0,0.492235637,0.512276449,0.16114913
650,11,37,24,22,0,6.245800355,0.079577472,22,0,0.492232038,0.512270147,0.161174295
651,11,38,24,47,0,7.366545902,0.079577472,46,0,0.492255726,0.512288597,0.16121618
652,11,39,24,4,0,6.245800355,0.079577472,4,0,0.492259613,0.512292102,0.161222429
653,11,40,24,30,0,8.001635046,0.079577472,29,0,0.492292647,0.512323735,0.161276415
654,11,41,24,13,0,6.245800355,0.079577472,13,0,0.492339047,0.512368508,0.161308767
655,11,42,24,10,0,11.51330443,0.079577472,9,0,0.492345607,0.512373595,0.161335268
656,11,43,24,0,0,0,,0,0,0.492345607,0.512373595,0.161335268
657,11,44,24,8,0,6.245800355,0.079577472,8,0,0.492346422,0.512373906,0.161351175
658,11,45,24,24,0,8.440593719,0.079577472,23,0,0.492382114,0.512410628,0.161407831
659,11,46,24,1,0,6.245800355,0.079577472,1,0,0.492379898,0.51240933,0.161410967
660,11,47,24,10,0,6.245800355,0.079577472,10,0,0.492381248,0.512411687,0.16144772
661,11,48,24,108,0,13.58744833,0.079577472,99,0,0.492420379,0.512446417,0.161611239
662,11,49,24,14,0,6.245800355,0.079577472,14,0,0.492430777,0.512455377,0.161615252
663,168,1,24,571,453,656.2024273,0.079577472,165,0,0.49191082,0.512039536,0.162067694
664,168,2,24,341,237,679.5551523,0.079577472,83,0,0.491681791,0.51190095,0.162440869
665,168,3,24,750,833,822.6867529,0.079577472,171,0,0.491645154,0.511949212,0.163213711
666,168,4,24,658,699,902.51079,0.079577472,194,0,0.491182089,0.511680426,0.1637562
667,168,5,24,726,714,743.780382,0.079577472,197,0,0.490918001,0.511484769,0.164599468
668,168,6,24,1257,1659,662.758001,0.079577472,451,0,0.49168401,0.512339163,0.167116492
669,168,7,24,710,752,830.4351252,0.079577472,198,0,0.491412524,0.512260889,0.168395091
670,168,8,24,911,1126,966.1666822,0.079577472,169,0,0.49123514,0.512208866,0.169646548
671,168,9,24,846,1081,983.1208271,0.079577472,159,0,0.490772272,0.511976673,0.17080751
672,168,10,24,666,744,922.8278637,0.079577472,128,0,0.490232289,0.511533484,0.171492791
673,168,11,24,765,878,827.5041062,0.079577472,209,0,0.490372803,0.511747323,0.172684373
674,168,12,24,599,628,883.7928796,0.079577472,153,0,0.490467194,0.511934476,0.173681318
675,168,13,24,1032,1372,925.8722793,0.079577472,238,0,0.490617692,0.512176377,0.175169399
676,168,14,24,1012,1175,775.8964139,0.079577472,235,0,0.490240138,0.511954176,0.176278282
677,168,15,24,511,473,813.4686009,0.079577472,123,0,0.489912654,0.511729716,0.176568722
678,168,16,24,975,1246,899.5007531,0.079577472,200,0,0.489651325,0.511609199,0.177770682
679,168,17,24,1266,1414,679.9041095,0.079577472,403,0,0.489821517,0.511974927,0.179203276
680,168,18,24,725,771,820.1589883,0.079577472,226,0,0.489877071,0.512143301,0.179959741
681,168,19,24,857,1014,734.0453725,0.079577472,209,0,0.490050652,0.512364046,0.181075615
682,168,20,24,1293,1659,724.7486224,0.079577472,367,0,0.48990325,0.512399313,0.182359718
683,168,21,24,1243,1828,787.855052,0.079577472,349,0,0.490356676,0.512965608,0.183810273
684,168,22,24,793,893,776.8925658,0.079577472,210,0,0.490411671,0.513111794,0.184727926
685,168,23,24,778,817,843.8354884,0.079577472,206,0,0.489864173,0.512702975,0.185214182
686,168,24,24,1074,1378,799.2057345,0.079577472,257,0,0.489683662,0.512669844,0.186138809
687,168,25,24,920,1129,857.8909171,0.079577472,237,0,0.489718924,0.512872826,0.187140501
688,168,26,24,626,734,1020.50089,0.079577472,134,0,0.489369577,0.512610913,0.187518509
689,168,27,24,644,610,791.8914214,0.079577472,166,0,0.489095487,0.512428997,0.187975269
690,168,28,24,582,571,810.2904266,0.079577472,132,0,0.48873744,0.512159743,0.18852469
691,168,29,24,1479,1724,625.8996764,0.079577472,506,0,0.488963864,0.51249664,0.189389609
692,168,30,24,779,910,828.8391094,0.079577472,187,0,0.488690308,0.512278013,0.190085511
693,168,31,24,933,1077,714.3581728,0.079577472,261,0,0.489125039,0.512764453,0.191123246
694,168,32,24,839,885,792.5901052,0.079577472,250,0,0.489006663,0.512722586,0.191963024
695,168,33,24,974,1080,736.1202657,0.079577472,284,0,0.488600553,0.512440835,0.192376318
696,168,34,24,1237,1597,679.9154123,0.079577472,418,0,0.488772126,0.512655173,0.193555763
697,168,35,24,1527,1982,680.0450181,0.079577472,545,0,0.489057556,0.51306277,0.194481574
698,168,36,24,1038,1071,646.678536,0.079577472,379,0,0.488666466,0.512787457,0.194833468
699,168,37,24,1045,1155,733.404553,0.079577472,248,0,0.488602421,0.512820641,0.195503597
700,168,38,24,1066,1236,751.8106261,0.079577472,263,0,0.48883864,0.513146729,0.196408239
701,168,39,24,1224,1125,572.5387285,0.079577472,465,0,0.488242094,0.512687202,0.196610041
702,168,40,24,1067,1237,685.923494,0.079577472,366,0,0.48832432,0.512881074,0.197373926
703,168,41,24,329,227,713.0767036,0.079577472,71,0,0.487986273,0.512618673,0.19749006
704,168,42,24,879,817,651.2608892,0.079577472,280,0,0.488063181,0.512762631,0.198121766
705,168,43,24,711,709,765.3268401,0.079577472,190,0,0.488135131,0.512944867,0.19855878
706,168,44,24,484,472,838.4839496,0.079577472,119,0,0.488120246,0.51299851,0.198990379
707,168,45,24,497,401,721.244074,0.079577472,161,0,0.487529779,0.512516459,0.199033024
708,168,46,24,0,0,0,,0,0,0.487529779,0.512516459,0.199033024
709,168,47,24,465,363,695.1013851,0.079577472,159,0,0.487117342,0.512212894,0.19915926
710,168,48,24,443,374,775.3418648,0.079577472,97,0,0.486724775,0.51189215,0.199283886
711,168,49,24,282,184,707.8325133,0.079577472,80,0,0.486534975,0.511768813,0.199406354
712,168,50,24,0,0,0,,0,0,0.486534975,0.511768813,0.199406354
713,38,1,24,0,0,0,,0,0,0.486534975,0.511768813,0.199406354
714,38,2,24,0,0,0,,0,0,0.486534975,0.511768813,0.199406354
715,38,3,24,0,0,0,,0,0,0.486534975,0.511768813,0.199406354
716,38,4,24,0,0,0,,0,0,0.486534975,0.511768813,0.199406354
717,38,5,24,0,0,0,,0,0,0.486534975,0.511768813,0.199406354
718,38,6,24,0,0,0,,0,0,0.486534975,0.511768813,0.199406354
719,38,7,24,0,0,0,,0,0,0.486534975,0.511768813,0.199406354
720,38,8,24,0,0,0,,0,0,0.486534975,0.511768813,0.199406354
721,38,9,24,0,0,0,,0,0,0.486534975,0.511768813,0.199406354
722,38,10,24,0,0,0,,0,0,0.486534975,0.511768813,0.199406354
723,38,11,24,0,0,0,,0,0,0.486534975,0.511768813,0.199406354
724,38,12,24,0,0,0,,0,0,0.486534975,0.511768813,0.199406354
725,38,13,24,0,0,0,,0,0,0.486534975,0.511768813,0.199406354
726,38,14,24,0,0,0,,0,0,0.486534975,0.511768813,0.199406354
727,38,15,24,0,0,0,,0,0,0.486534975,0.511768813,0.199406354
728,38,16,24,0,0,0,,0,0,0.486534975,0.511768813,0.199406354
729,38,17,24,0,0,0,,0,0,0.486534975,0.511768813,0.199406354
730,38,18,24,0,0,0,,0,0,0.486534975,0.511768813,0.199406354
731,38,19,24,0,0,0,,0,0,0.486534975,0.511768813,0.199406354
732,38,20,24,0,0,0,,0,0,0.486534975,0.511768813,0.199406354
733,38,21,24,0,0,0,,0,0,0.486534975,0.511768813,0.199406354
734,38,22,24,0,0,0,,0,0,0.486534975,0.511768813,0.199406354
735,38,23,24,0,0,0,,0,0,0.486534975,0.511768813,0.199406354
736,38,24,24,0,0,0,,0,0,0.486534975,0.511768813,0.199406354
737,38,25,24,0,0,0,,0,0,0.486534975,0.511768813,0.199406354
738,38,26,24,0,0,0,,0,0,0.486534975,0.511768813,0.199406354
739,38,27,24,0,0,0,,0,0,0.486534975,0.511768813,0.199406354
740,38,28,24,0,0,0,,0,0,0.486534975,0.511768813,0.199406354
741,38,29,24,0,0,0,,0,0,0.486534975,0.511768813,0.199406354
742,38,30,24,0,0,0,,0,0,0.486534975,0.511768813,0.199406354
743,38,31,24,0,0,0,,0,0,0.486534975,0.511768813,0.199406354
744,38,32,24,0,0,0,,0,0,0.486534975,0.511768813,0.199406354
745,38,33,24,0,0,0,,0,0,0.486534975,0.511768813,0.199406354
746,38,34,24,0,0,0,,0,0,0.486534975,0.511768813,0.199406354
747,38,35,24,0,0,0,,0,0,0.486534975,0.511768813,0.199406354
748,38,36,24,0,0,0,,0,0,0.486534975,0.511768813,0.199406354
749,38,37,24,0,0,0,,0,0,0.486534975,0.511768813,0.199406354
750,38,38,24,0,0,0,,0,0,0.486534975,0.511768813,0.199406354
751,38,39,24,0,0,0,,0,0,0.486534975,0.511768813,0.199406354
752,38,40,24,0,0,0,,0,0,0.486534975,0.511768813,0.199406354
753,38,41,24,0,0,0,,0,0,0.486534975,0.511768813,0.199406354
754,38,42,24,0,0,0,,0,0,0.486534975,0.511768813,0.199406354
755,38,43,24,0,0,0,,0,0,0.486534975,0.511768813,0.199406354
756,38,44,24,0,0,0,,0,0,0.486534975,0.511768813,0.199406354
757,38,45,24,0,0,0,,0,0,0.486534975,0.511768813,0.199406354
758,38,46,24,0,0,0,,0,0,0.486534975,0.511768813,0.199406354
759,38,47,24,0,0,0,,0,0,0.486534975,0.511768813,0.199406354
760,38,48,24,0,0,0,,0,0,0.486534975,0.511768813,0.199406354
761,38,49,24,0,0,0,,0,0,0.486534975,0.511768813,0.199406354
762,38,50,24,0,0,0,,0,0,0.486534975,0.511768813,0.199406354
763,136,36,6,14,0,10.00830327,0.079577472,13,0,0.486548523,0.511780826,0.199419504
764,136,37,6,1,0,6.245800355,0.079577472,1,0,0.486545028,0.51177715,0.199418071
765,136,38,6,0,0,0,,0,0,0.486545028,0.51177715,0.199418071
766,136,39,6,0,0,0,,0,0,0.486545028,0.51177715,0.199418071
767,136,40,6,1,0,6.245800355,0.079577472,1,0,0.486541532,0.511773473,0.199416639
768,136,41,6,0,0,0,,0,0,0.486541532,0.511773473,0.199416639
769,136,42,6,0,0,0,,0,0,0.486541532,0.511773473,0.199416639
770,136,43,6,4,0,6.245800355,0.079577472,4,0,0.486538347,0.511769511,0.19940958
771,136,44,6,0,0,0,,0,0,0.486538347,0.511769511,0.19940958
772,136,45,6,3,0,6.245800355,0.079577472,3,0,0.486545402,0.511776442,0.199413682
773,136,46,6,0,0,0,,0,0,0.486545402,0.511776442,0.199413682
774,136,47,6,2,0,6.245800355,0.079577472,2,0,0.486545595,0.511776273,0.199418001
775,136,48,6,0,0,0,,0,0,0.486545595,0.511776273,0.199418001
776,136,49,6,6,0,6.245800355,0.079577472,6,0,0.486550534,0.511780116,0.199422371
777,136,50,6,1,0,6.245800355,0.079577472,1,0,0.486547687,0.511778143,0.199420076
778,24,1,6,284,3,21.6467744,0.079577472,207,0,0.486550596,0.511766314,0.199275678
779,24,2,6,237,2,24.03420334,0.079577472,163,0,0.486629153,0.511833537,0.199221232
780,24,3,6,298,3,26.24470167,0.079577472,206,0,0.486669295,0.511861214,0.199104577
781,24,4,6,165,0,24.80108052,0.079577472,119,0,0.486651382,0.511832689,0.199056934
782,24,5,6,168,3,18.79297746,0.079577472,131,0,0.486707039,0.511880314,0.199024478
783,24,6,6,104,0,16.89099246,0.079577472,86,0,0.486762671,0.511925709,0.199067597
784,24,7,6,100,0,15.73654892,0.079577472,85,0,0.486828128,0.511984068,0.199097827
785,24,8,6,211,1,26.98383294,0.079577472,140,0,0.4870492,0.512195429,0.1991681
786,24,9,6,187,1,25.449779,0.079577472,140,0,0.487101267,0.512230963,0.199165904
787,24,10,6,229,1,20.9712446,0.079577472,168,0,0.487064916,0.512186549,0.199108724
788,24,11,6,82,1,12.66958581,0.079577472,72,0,0.487158031,0.512271344,0.199133019
789,24,12,6,60,0,10.63538708,0.079577472,55,0,0.487158128,0.512266544,0.199144804
790,24,13,6,80,0,22.74140522,0.079577472,61,0,0.4871444,0.512247609,0.199161324
791,24,14,6,145,1,21.8857943,0.079577472,111,0,0.487252631,0.512345399,0.199259583
792,24,15,6,147,0,18.43542967,0.079577472,116,0,0.487322039,0.51240723,0.199241411
793,24,16,6,154,0,19.5915842,0.079577472,118,0,0.487358195,0.512431302,0.19920425
794,24,17,6,118,0,18.76845723,0.079577472,96,0,0.487453347,0.512515257,0.199287064
795,24,18,6,142,1,15.52608305,0.079577472,120,0,0.487526963,0.512574062,0.199280765
796,24,19,6,97,0,12.22878563,0.079577472,89,0,0.487557068,0.512595854,0.199317768
797,24,20,6,17,0,12.44286397,0.079577472,15,0,0.487579046,0.51261499,0.199340382
798,24,21,6,107,1,21.04905004,0.079577472,86,0,0.48759002,0.512614472,0.199307714
799,24,22,6,126,0,21.32514925,0.079577472,99,0,0.487601195,0.512618204,0.199338949
800,24,23,6,204,2,20.71920551,0.079577472,154,0,0.487692738,0.512704381,0.199379015
801,24,24,6,87,0,35.44597922,0.079577472,60,0,0.487739804,0.512744637,0.199448039
802,24,25,6,110,0,16.79761075,0.079577472,94,0,0.487879251,0.512872389,0.199528819
803,24,26,6,163,2,25.06276949,0.079577472,128,0,0.487927661,0.512906508,0.199571657
804,24,27,6,133,1,15.35501793,0.079577472,110,0,0.488002759,0.512969217,0.199578769
805,24,28,6,136,2,24.85737628,0.079577472,97,0,0.488146052,0.513100377,0.199666987
806,24,29,6,26,0,8.27176346,0.079577472,25,0,0.488165179,0.51311609,0.199667656
807,24,30,6,158,0,16.9258608,0.079577472,132,0,0.488198392,0.513144475,0.199661852
808,24,31,6,324,1,24.63699933,0.079577472,229,0,0.488363845,0.513294815,0.199655113
809,24,32,6,73,1,26.52588093,0.079577472,54,0,0.488390466,0.513316119,0.199660317
810,24,33,6,193,2,32.2505405,0.079577472,131,0,0.488444335,0.513357099,0.199727161
811,24,34,6,37,0,9.093099854,0.079577472,35,0,0.488493664,0.513401849,0.19972442
812,24,35,6,116,0,25.77985963,0.079577472,76,0,0.488573782,0.513471846,0.199764076
813,24,36,6,122,0,23.58447856,0.079577472,100,0,0.48862072,0.513506054,0.199796302
814,24,37,6,108,0,18.94394208,0.079577472,88,0,0.488632641,0.51351139,0.199822555
815,24,38,6,222,2,19.3042485,0.079577472,173,0,0.488736136,0.513600976,0.199793664
816,24,39,6,95,0,20.70103776,0.079577472,78,0,0.488727401,0.513581199,0.199819494
817,24,40,6,151,2,27.93516301,0.079577472,107,0,0.48876411,0.513605853,0.199825416
818,24,41,6,60,0,17.67412791,0.079577472,50,0,0.488820143,0.513656629,0.199864886
819,24,42,6,137,1,19.74340012,0.079577472,117,0,0.488883263,0.513704981,0.199860822
820,24,43,6,140,4,11.13705414,0.079577472,127,0,0.488953548,0.513765827,0.199869371
821,24,44,6,107,2,23.57095722,0.079577472,93,0,0.489032165,0.513838582,0.199986989
822,24,45,6,53,0,21.20613963,0.079577472,44,0,0.489131853,0.51393135,0.200081641
823,24,46,6,198,3,14.76360554,0.079577472,169,0,0.489148627,0.513931713,0.200039523
824,24,47,6,80,1,23.46915249,0.079577472,72,0,0.489190275,0.513969512,0.200092966
825,24,48,6,133,1,28.54983423,0.079577472,106,0,0.489212573,0.513980413,0.20014233
826,24,49,6,186,0,17.30547218,0.079577472,156,0,0.489283829,0.514033922,0.200153347
827,24,50,6,48,0,12.83018045,0.079577472,42,0,0.489307906,0.514056238,0.20016842
828,94,1,6,48,0,9.537990401,0.079577472,45,0,0.489263737,0.514014328,0.200132353
829,94,2,6,0,0,0,,0,0,0.489263737,0.514014328,0.200132353
830,94,3,6,22,0,15.82308049,0.079577472,18,0,0.489272584,0.514022658,0.20012326
831,94,4,6,48,0,8.440593719,0.079577472,46,0,0.489285425,0.514035197,0.200108708
832,94,5,6,72,0,9.903789295,0.079577472,67,0,0.489316285,0.514063356,0.200086139
833,94,6,6,46,0,7.390909936,0.079577472,45,0,0.489338624,0.514082608,0.200067953
834,94,7,6,9,0,12.09858266,0.079577472,8,0,0.489362589,0.514105679,0.200070374
835,94,8,6,45,0,8.586913277,0.079577472,43,0,0.489357531,0.514099328,0.200033726
836,94,9,6,35,0,9.255802683,0.079577472,33,0,0.489360134,0.514101105,0.200038993
837,94,10,6,64,0,7.891895378,0.079577472,62,0,0.489349496,0.514087359,0.199997483
838,94,11,6,12,0,6.245800355,0.079577472,12,0,0.489358685,0.514097079,0.200002257
839,94,12,6,60,0,7.1237177,0.079577472,59,0,0.489378163,0.514114776,0.199989626
840,94,13,6,3,0,6.245800355,0.079577472,3,0,0.489387748,0.514123852,0.199991903
841,94,14,6,36,0,6.245800355,0.079577472,36,0,0.489415452,0.514150872,0.200000054
842,94,15,6,16,0,9.537990401,0.079577472,15,0,0.489423524,0.514158254,0.199983253
843,94,16,6,71,0,9.955310266,0.079577472,66,0,0.48938378,0.514120223,0.199936907
844,94,17,6,9,0,6.245800355,0.079577472,9,0,0.489370536,0.514107486,0.199930003
845,94,18,6,2,0,6.245800355,0.079577472,2,0,0.489377016,0.514113626,0.199933843
846,94,19,6,0,0,0,,0,0,0.489377016,0.514113626,0.199933843
847,94,20,6,0,0,0,,0,0,0.489377016,0.514113626,0.199933843
848,94,21,6,7,0,6.245800355,0.079577472,7,0,0.489379516,0.51411548,0.199934593
849,94,22,6,24,0,8.440593719,0.079577472,23,0,0.489387656,0.514125474,0.199941427
850,94,23,6,75,0,11.86447137,0.079577472,67,0,0.489395548,0.514129003,0.199877388
851,94,24,6,0,0,0,,0,0,0.489395548,0.514129003,0.199877388
852,94,25,6,46,0,6.245800355,0.079577472,46,0,0.48940936,0.514140848,0.199843837
853,94,26,6,12,0,6.245800355,0.079577472,12,0,0.489414791,0.514147453,0.199849182
854,94,27,6,16,0,6.245800355,0.079577472,16,0,0.489419832,0.514152695,0.199845213
855,94,28,6,60,0,9.757469738,0.079577472,56,0,0.489405257,0.514139896,0.199810897
856,94,29,6,0,0,0,,0,0,0.489405257,0.514139896,0.199810897
857,94,30,6,0,0,0,,0,0,0.489405257,0.514139896,0.199810897
858,94,31,6,0,0,0,,0,0,0.489405257,0.514139896,0.199810897
859,94,32,6,0,0,0,,0,0,0.489405257,0.514139896,0.199810897
860,94,33,6,0,0,0,,0,0,0.489405257,0.514139896,0.199810897
861,94,34,6,0,0,0,,0,0,0.489405257,0.514139896,0.199810897
862,94,35,6,0,0,0,,0,0,0.489405257,0.514139896,0.199810897
863,94,36,6,16,0,6.245800355,0.079577472,16,0,0.489399025,0.514132152,0.199814558
864,94,37,6,21,0,6.245800355,0.079577472,21,0,0.489399684,0.514132412,0.199828977
865,94,38,6,45,0,8.586913277,0.079577472,43,0,0.489423894,0.514156445,0.199808859
866,94,39,6,152,0,16.64218998,0.079577472,122,0,0.489424302,0.514155111,0.199744877
867,94,40,6,130,1,14.34965278,0.079577472,110,0,0.48941465,0.514141552,0.199697454
868,94,41,6,81,0,8.19672779,0.079577472,78,0,0.489455875,0.514175183,0.19963648
869,94,42,6,20,0,6.245800355,0.079577472,20,0,0.489488787,0.514208265,0.199643328
870,94,43,6,0,0,0,,0,0,0.489488787,0.514208265,0.199643328
871,94,44,6,3,0,6.245800355,0.079577472,3,0,0.489480805,0.514199565,0.199637096
872,94,45,6,20,0,8.879552392,0.079577472,19,0,0.489495883,0.514212978,0.199632959
873,94,46,6,16,0,6.245800355,0.079577472,16,0,0.48950857,0.514224053,0.199623147
874,94,47,6,51,0,7.278644291,0.079577472,50,0,0.489485366,0.514198033,0.199610135
875,94,48,6,38,0,7.631985637,0.079577472,37,0,0.489522231,0.514231527,0.199630286
876,94,49,6,21,0,6.245800355,0.079577472,21,0,0.489525883,0.514233677,0.199641678
877,94,51,6,102,0,10.3771761,0.079577472,94,0,0.489516521,0.514219075,0.19961638
878,132,1,6,186,2,20.69392509,0.079577472,138,0,0.489592796,0.514295003,0.199586668
879,132,2,6,333,1,19.85789007,0.079577472,256,0,0.489566579,0.514253084,0.199380618
880,132,3,6,592,8,20.413613,0.079577472,463,0,0.489340225,0.514028613,0.199010161
881,132,4,6,674,9,23.21868623,0.079577472,484,0,0.489121696,0.513803194,0.198505334
882,132,5,6,680,11,23.0784385,0.079577472,505,0,0.48892304,0.513613098,0.19796048
883,132,6,6,387,4,25.05063946,0.079577472,273,0,0.488871197,0.513557631,0.197823211
884,132,7,6,462,8,22.79801279,0.079577472,347,0,0.488855443,0.513521955,0.197574431
885,132,8,6,453,9,20.09541314,0.079577472,352,0,0.488838484,0.513478889,0.197322517
886,132,9,6,232,4,16.69795605,0.079577472,192,0,0.48889177,0.513524086,0.197253999
887,132,10,6,2643,146,39.32368819,0.079577472,1566,0,0.488662434,0.513207177,0.195922541
888,132,11,6,2792,271,43.09621876,0.079577472,1721,0,0.489311918,0.513684343,0.194824157
889,132,12,6,960,27,46.70315804,0.079577472,594,0,0.490183154,0.51447594,0.195152117
890,132,13,6,2675,213,40.81492941,0.079577472,1682,0,0.49034807,0.514568105,0.194039077
891,132,14,6,2535,150,38.13188959,0.079577472,1526,0,0.489942314,0.514096675,0.19308239
892,132,15,6,1830,140,48.85799442,0.079577472,1058,0,0.490810884,0.514835713,0.193272239
893,132,16,6,2774,186,38.96790158,0.079577472,1683,0,0.490228993,0.514205987,0.192232378
894,132,17,6,2141,103,40.2946373,0.079577472,1312,0,0.490383575,0.514276644,0.191651354
895,132,18,6,2336,125,36.95273181,0.079577472,1409,0,0.490238858,0.514094745,0.190917784
896,132,19,6,1641,143,56.39400244,0.079577472,963,0,0.491037087,0.514808014,0.191206166
897,132,20,6,2210,88,36.16314945,0.079577472,1294,0,0.490769763,0.514451721,0.190083695
898,132,21,6,900,43,54.61442549,0.079577472,533,0,0.491261208,0.51487967,0.190518869
899,132,22,6,1685,64,40.56176995,0.079577472,986,0,0.491453604,0.51502493,0.190375435
900,132,23,6,2039,114,42.13524093,0.079577472,1237,0,0.491737403,0.515271607,0.189951067
901,132,24,6,2238,160,44.07581664,0.079577472,1351,0,0.491944946,0.515463834,0.189506085
902,132,25,6,1726,69,43.06082548,0.079577472,1017,0,0.492174277,0.515626723,0.189045253
903,132,26,6,1474,40,31.57894767,0.079577472,1003,0,0.492392398,0.515770095,0.188810523
904,132,27,6,2115,107,40.86220036,0.079577472,1267,0,0.492231254,0.515534951,0.187963755
905,132,28,6,1589,86,49.66913752,0.079577472,913,0,0.492399603,0.515641047,0.187724316
906,132,29,6,1995,153,47.69748831,0.079577472,1197,0,0.49295257,0.516129695,0.187709775
907,132,30,6,2600,152,35.24586277,0.079577472,1690,0,0.492766099,0.515898683,0.186847347
908,132,31,6,860,27,52.08555073,0.079577472,505,0,0.493221322,0.516312108,0.187086989
909,132,32,6,2498,112,36.77258204,0.079577472,1561,0,0.493078953,0.516117795,0.186405001
910,132,33,6,1432,43,32.70335353,0.079577472,909,0,0.493337989,0.516320075,0.185965997
911,132,34,6,1052,33,34.35338622,0.079577472,680,0,0.493681544,0.516610894,0.185821822
912,132,35,6,1195,34,40.51260988,0.079577472,727,0,0.494061837,0.516917629,0.185729983
913,132,36,6,1594,52,33.51730002,0.079577472,1050,0,0.494160917,0.51694945,0.185201737
914,132,37,6,1435,44,33.72607835,0.079577472,915,0,0.494420769,0.51716874,0.185154152
915,132,38,6,1646,34,33.05211972,0.079577472,1053,0,0.494518321,0.51724013,0.184786065
916,132,39,6,1593,56,33.89351092,0.079577472,1070,0,0.494408281,0.517117194,0.184630493
917,132,40,6,1972,53,30.30112927,0.079577472,1298,0,0.494142695,0.516837881,0.184143507
918,132,41,6,1889,74,35.58537684,0.079577472,1163,0,0.493740622,0.516424373,0.183600651
919,132,42,6,1647,81,45.31933637,0.079577472,939,0,0.493910984,0.51655531,0.183558447
920,132,43,6,1604,35,31.18100361,0.079577472,1028,0,0.494055643,0.516646131,0.183029521
921,132,44,6,1446,56,42.52052449,0.079577472,847,0,0.494230929,0.516767415,0.182741282
922,132,45,6,2000,82,38.3812717,0.079577472,1215,0,0.494254022,0.516761487,0.182280227
923,132,46,6,2013,80,32.58125488,0.079577472,1227,0,0.493396948,0.515934803,0.18175432
924,132,47,6,1555,74,41.33099673,0.079577472,1027,0,0.493435202,0.51596866,0.181669815
925,132,48,6,1997,71,35.14490598,0.079577472,1297,0,0.493469736,0.515965432,0.18122859
926,132,49,6,1771,46,34.62228892,0.079577472,1121,0,0.493502511,0.51595041,0.180778443
927,132,50,6,2507,142,38.11497595,0.079577472,1578,0,0.49304856,0.515471274,0.180090113
928,49,1,6,147,0,12.69580534,0.079577472,129,0,0.493066693,0.515486423,0.180114047
929,49,2,6,116,0,15.33567051,0.079577472,99,0,0.493126026,0.515542844,0.180143372
930,49,3,6,143,0,14.36903998,0.079577472,127,0,0.493162086,0.515576624,0.180140237
931,49,4,6,182,1,16.95954009,0.079577472,148,0,0.493161347,0.51557994,0.180105196
932,49,5,6,385,4,23.91456203,0.079577472,277,0,0.493022998,0.51545691,0.180024637
933,49,6,6,249,4,18.73816893,0.079577472,199,0,0.492968683,0.515407083,0.179968437
934,49,7,6,353,5,23.1208718,0.079577472,255,0,0.49291332,0.515361377,0.17998554
935,49,8,6,223,3,21.61194394,0.079577472,167,0,0.492951061,0.51540228,0.179968588
936,49,9,6,208,1,14.35409568,0.079577472,179,0,0.493018507,0.515466368,0.179995093
937,49,10,6,384,6,22.99794576,0.079577472,280,0,0.492808997,0.515283273,0.179877991
938,49,11,6,319,3,22.10654105,0.079577472,232,0,0.492619311,0.515111776,0.179794965
939,49,12,6,202,1,22.15261959,0.079577472,141,0,0.492551249,0.51505397,0.179720701
940,49,13,6,261,3,20.39799084,0.079577472,203,0,0.492366746,0.514901668,0.179685444
941,49,14,6,396,7,18.62112115,0.079577472,309,0,0.492280904,0.51483694,0.179645142
942,49,15,6,371,8,29.6004692,0.079577472,279,0,0.49222867,0.514795235,0.179623797
943,49,16,6,401,7,22.80627823,0.079577472,287,0,0.492029276,0.514624596,0.179523944
944,49,17,6,455,10,18.63514867,0.079577472,351,0,0.491913273,0.514522372,0.179446001
945,49,18,6,442,5,24.26202748,0.079577472,318,0,0.49184973,0.514478385,0.179416896
946,49,19,6,365,4,21.84956272,0.079577472,275,0,0.491742437,0.514382457,0.179394607
947,49,20,6,798,10,27.46126767,0.079577472,537,0,0.491341739,0.514029299,0.179247744
948,49,21,6,1074,26,31.74610268,0.079577472,677,0,0.491124068,0.513838849,0.17908332
949,49,22,6,1232,52,43.03146727,0.079577472,859,0,0.491173469,0.513907692,0.179209025
950,49,23,6,1560,56,35.87225265,0.079577472,1038,0,0.490916466,0.513662847,0.179003257
951,49,24,6,1800,72,33.79443594,0.079577472,1180,0,0.490756933,0.513526824,0.1787973
952,49,25,6,1295,107,38.15054054,0.079577472,844,0,0.489818741,0.512728093,0.17861497
953,49,26,6,1239,51,36.84555145,0.079577472,754,0,0.488962403,0.511956685,0.178331067
954,49,27,6,1360,47,35.24221436,0.079577472,843,0,0.488219684,0.511290917,0.177917991
955,49,28,6,1340,69,37.00394146,0.079577472,831,0,0.487478083,0.510633673,0.177711087
956,49,29,6,1568,48,32.91807976,0.079577472,1050,0,0.487415366,0.510576711,0.177574073
957,49,30,6,1547,55,30.27958294,0.079577472,1051,0,0.487215011,0.510392452,0.177424941
958,49,31,6,1527,71,37.28896738,0.079577472,993,0,0.487176084,0.510362172,0.177431888
959,49,32,6,885,20,28.12403316,0.079577472,605,0,0.487270921,0.510457972,0.177381424
960,49,33,6,1432,42,33.60037287,0.079577472,930,0,0.487092302,0.51031166,0.177230275
961,49,34,6,1243,55,35.84600462,0.079577472,749,0,0.486332526,0.509630074,0.176975644
962,49,35,6,1240,36,31.39612011,0.079577472,811,0,0.485551754,0.50892199,0.176652887
963,49,36,6,1077,31,32.26112167,0.079577472,693,0,0.484938723,0.508393448,0.176435637
964,49,37,6,1114,44,33.81686801,0.079577472,697,0,0.484419894,0.507933315,0.176311946
965,49,38,6,1149,28,31.15370405,0.079577472,787,0,0.484489892,0.507987791,0.176269699
966,49,39,6,1287,48,37.7945301,0.079577472,761,0,0.48401418,0.507579249,0.176077837
967,49,40,6,1542,42,33.45290778,0.079577472,956,0,0.483691981,0.507295141,0.175916158
968,49,41,6,1185,38,31.44902734,0.079577472,769,0,0.483096305,0.506753634,0.175794894
969,49,42,6,1164,29,30.07611963,0.079577472,734,0,0.482696461,0.506420495,0.175677551
970,49,43,6,1010,46,36.82056432,0.079577472,605,0,0.482022885,0.505836403,0.175539103
971,49,44,6,966,18,29.71624185,0.079577472,605,0,0.481635974,0.505519566,0.175455207
972,49,45,6,1159,24,33.29096493,0.079577472,718,0,0.481446977,0.505394053,0.175375045
973,49,46,6,1310,40,29.38416029,0.079577472,804,0,0.481055227,0.505038935,0.175210249
974,49,47,6,1006,24,29.16700325,0.079577472,680,0,0.480733322,0.504762185,0.175042407
975,49,48,6,1291,71,45.75762852,0.079577472,828,0,0.480117828,0.504265703,0.174955594
976,49,49,6,1096,11,33.18787964,0.079577472,620,0,0.479831302,0.504011228,0.174803147
977,49,50,6,690,11,27.48456964,0.079577472,445,0,0.479493614,0.503713118,0.174641227
978,87,1,6,786,3,23.67246555,0.079577472,532,0,0.479977038,0.50413572,0.174209409
979,87,2,6,122,1,7.972850871,0.079577472,118,0,0.480022269,0.504177338,0.174209567
980,87,3,6,188,2,11.84952809,0.079577472,168,0,0.480039929,0.50419749,0.174229777
981,87,4,6,128,1,11.18408542,0.079577472,116,0,0.48005314,0.504206886,0.174225668
982,87,5,6,179,2,14.7849082,0.079577472,153,0,0.48007371,0.504222962,0.174200225
983,87,6,6,159,2,9.889985563,0.079577472,148,0,0.480074813,0.504223838,0.174222433
984,87,7,6,150,1,17.48314238,0.079577472,118,0,0.48006,0.504213554,0.174231194
985,87,8,6,95,0,10.12711915,0.079577472,88,0,0.480062618,0.50421485,0.174224128
986,87,9,6,125,0,10.88120394,0.079577472,114,0,0.48008626,0.504238559,0.174228608
987,87,10,6,14,0,6.245800355,0.079577472,14,0,0.480094504,0.504246529,0.174234901
988,87,11,6,137,1,13.5578434,0.079577472,121,0,0.480133826,0.504282633,0.174240625
989,87,12,6,56,0,11.88955472,0.079577472,50,0,0.480161631,0.504308587,0.174304246
990,87,13,6,78,0,7.596442425,0.079577472,76,0,0.480186271,0.50433042,0.174334223
991,87,14,6,97,1,10.59013361,0.079577472,89,0,0.480217355,0.504360015,0.174369634
992,87,15,6,64,0,9.537990401,0.079577472,60,0,0.480223318,0.504365847,0.174374676
993,87,16,6,114,0,11.33658607,0.079577472,106,0,0.480235666,0.504375092,0.174382056
994,87,17,6,77,0,17.88735641,0.079577472,63,0,0.480249517,0.504385187,0.174411087
995,87,18,6,20,0,14.19326264,0.079577472,20,0,0.480268357,0.504402993,0.174429135
996,87,19,6,125,1,12.14540492,0.079577472,111,0,0.480276944,0.504408999,0.174435705
997,87,20,6,153,0,17.6191637,0.079577472,126,0,0.480322391,0.504451887,0.174503958
998,87,21,6,23,0,8.536019517,0.079577472,22,0,0.480336879,0.504466402,0.174525159
999,87,22,6,85,0,8.724625801,0.079577472,81,0,0.480361693,0.504492045,0.174538502
1000,87,23,6,219,1,13.46155936,0.079577472,189,0,0.480402231,0.504529357,0.174485489
1001,87,24,6,81,0,13.39920095,0.079577472,70,0,0.480428298,0.50455146,0.174497402
1002,87,25,6,62,0,7.095397786,0.079577472,61,0,0.480441351,0.504562629,0.174527972
1003,87,26,6,115,0,8.99406335,0.079577472,109,0,0.480487756,0.504609864,0.174557393
1004,87,27,6,107,0,11.66099146,0.079577472,96,0,0.480513549,0.504634703,0.174603167
1005,87,28,6,79,0,10.24643636,0.079577472,73,0,0.480534295,0.504653363,0.17460723
1006,87,29,6,31,0,6.245800355,0.079577472,31,0,0.48053355,0.504650932,0.174615987
1007,87,30,6,106,0,13.69981555,0.079577472,91,0,0.480558035,0.504668475,0.174666853
1008,87,31,6,81,0,10.79796437,0.079577472,74,0,0.480611554,0.504718964,0.17471037
1009,87,32,6,48,0,9.537990401,0.079577472,45,0,0.48064089,0.504746248,0.174738029
1010,87,33,6,153,4,12.78714528,0.079577472,134,0,0.480647907,0.504753928,0.17473476
1011,87,34,6,55,0,10.07671241,0.079577472,51,0,0.480673071,0.504776242,0.174746328
1012,87,35,6,103,1,17.52369615,0.079577472,87,0,0.480725512,0.504827724,0.174792475
1013,87,36,6,40,0,6.245800355,0.079577472,40,0,0.480732176,0.504833327,0.17480473
1014,87,37,6,214,1,13.63015186,0.079577472,184,0,0.480785736,0.504885688,0.174834003
1015,87,38,6,182,1,14.92849938,0.079577472,152,0,0.480760163,0.504860251,0.174811284
1016,87,39,6,42,0,8.754135628,0.079577472,40,0,0.480773864,0.50487294,0.174823255
1017,87,40,6,51,0,7.278644291,0.079577472,50,0,0.480803207,0.504899649,0.174838751
1018,87,41,6,107,0,9.199540957,0.079577472,101,0,0.480842956,0.504939505,0.174866055
1019,87,42,6,0,0,0,,0,0,0.480842956,0.504939505,0.174866055
1020,87,43,6,134,0,8.604384269,0.079577472,128,0,0.480854891,0.504949102,0.174864911
1021,87,44,6,32,0,9.537990401,0.079577472,30,0,0.48087412,0.504966718,0.17489257
1022,87,45,6,39,0,8.947084495,0.079577472,37,0,0.48088725,0.50497899,0.174922001
1023,87,46,6,48,0,9.537990401,0.079577472,45,0,0.480909234,0.504998881,0.174952494
1024,87,47,6,169,0,14.6668076,0.079577472,145,0,0.480937668,0.505026408,0.174948049
1025,87,48,6,96,0,8.98929206,0.079577472,91,0,0.480965003,0.50505055,0.174965478
1026,87,49,6,156,2,11.31070812,0.079577472,141,0,0.480968072,0.505047651,0.174977412
1027,87,50,6,225,3,19.35603272,0.079577472,169,0,0.481044188,0.505120282,0.174983477